sample,Age,RestingBP,Cholesterol,MaxHR,Oldpeak,Cholesterol_Age_Ratio,Oldpeak_Slope_Score,Sex_F,Sex_M,ChestPainType_ASY,ChestPainType_ATA,ChestPainType_NAP,ChestPainType_TA,FastingBS_0,FastingBS_1,RestingECG_LVH,RestingECG_Normal,RestingECG_ST,ExerciseAngina_N,ExerciseAngina_Y,ST_Slope_Down,ST_Slope_Flat,ST_Slope_Up,Exercise_ECG_Group_N_Down,Exercise_ECG_Group_N_Flat,Exercise_ECG_Group_N_Up,Exercise_ECG_Group_Y_Down,Exercise_ECG_Group_Y_Flat,Exercise_ECG_Group_Y_Up,AgeBand_Sex_40-49_F,AgeBand_Sex_40-49_M,AgeBand_Sex_50-59_F,AgeBand_Sex_50-59_M,AgeBand_Sex_60-69_F,AgeBand_Sex_60-69_M,AgeBand_Sex_ge70_F,AgeBand_Sex_ge70_M,AgeBand_Sex_lt40_F,AgeBand_Sex_lt40_M
0,-0.020270099710072847,-0.003799954949634173,-0.018562098930757335,-0.002390376948469008,-0.031097672411645794,0.0008423554480640387,-0.019319491888362246,0.008269820721056621,0.007193653409294292,-0.07087590775937759,-0.0281145378079959,0.001785724121061098,0.00042589704248808386,-0.008954892353106259,-0.010252529276657991,-0.004899925937755401,-0.0032844947432516345,-0.0010621780266481806,-0.032546367029211605,-0.030624783213962715,-0.0009869411973884247,-0.05869096200014695,-0.08642482418342697,0.0002479418828687412,-0.008791422611032038,-0.0786937786006642,-0.0017189953672168527,-0.0183565481902354,0.0002651888674815423,0.0008046476340886505,-0.0017481594677945258,0.0008327156438646231,-0.0016470828087016207,1.1248278247857865e-05,-0.004273625250148075,0.0,8.481329567982092e-06,0.0,-0.0009241678435759043
1,-0.0045317475187247845,-0.008242731637067645,0.01802225378632608,-0.0018448452246295583,0.01797197120568629,-0.002419045838786194,0.013827556167972875,-0.05825410745719325,-0.05374085723912524,-0.07593441324611705,-0.025797662415222192,0.006016948288301663,0.0004275888467668621,-0.012588209958142298,-0.0100509810136052,0.002012368660970069,0.002097762666738057,-0.0018118755878429673,-0.03878109511797643,-0.03745655540859668,-0.00011318844427589262,0.048148153942981185,0.05619952934444105,0.0003932896682159728,0.008456631647424665,0.0460062062987268,-0.0010068780061072001,-0.020990944702404,0.0007493469411213357,0.0022442206301986163,-0.0005845291842510839,-0.020520000465064532,-0.0020722088419717487,-0.0009816598363605775,-0.002941906559957975,0.0,7.51351505290005e-06,0.0,6.150380090388658e-05
2,-0.022589816942983888,-0.005057204983280355,0.008800399484688913,-0.06083021463904507,0.05049636105534665,-0.010883033271468903,0.03226604461744531,0.015391196912530552,0.013720182138503702,-0.08412441801297577,-0.032710952727180026,0.006782010964116065,0.0006957696539147015,-0.008194621808595388,-0.007555895494985752,0.0015816277157952277,-0.000208491054901163,-0.0021351369981913804,-0.031909615603926744,-0.024347342440808387,0.00034634549471259664,0.05690581313237866,0.06345445236314186,0.000726863391093901,0.013608346737599336,0.05035477797629815,-0.001203816401743754,-0.016390030199449356,0.001276713055891759,0.0019128863390564293,-0.00030684292203274,0.001710427722106219,-0.0005368407164715335,-4.819885099358989e-05,-0.002919420130587173,0.0,1.0521851663278939e-05,0.0,-0.000689100247271212
3,-0.013435681773175213,-0.0013239942778030048,0.01566844071099826,0.01828736518355716,-0.03140084326670879,0.0043803083343261625,-0.02027859394284772,0.008622143174083162,0.007756927033310181,-0.06896396158664637,-0.03428038327840507,0.0024317444508877187,0.00045865147018792323,-0.010721623062035805,-0.009725039328417113,-0.004978455099216581,-0.005838251424224818,-0.0012368656652592814,-0.032864930028152786,-0.02931844675275987,-0.0007503591246650708,-0.061340636829443414,-0.0846070109840189,0.0002495551778218409,-0.00927461746522571,-0.07846544801693513,-0.001631036595740117,-0.01979504850743139,0.0007008163728988528,0.0008600984485854346,-0.0011101165633895275,0.0014113047567900878,0.0059684935111772855,4.825624975912247e-05,-0.0036919079575664223,0.0,1.0900079466021207e-05,0.0,0.0005002598640559403
4,-0.0022762213386671236,0.0013353082832123634,0.00455537391257715,0.021902321933353088,-0.008794500206477842,-0.007385113053197732,-0.0017199599290599987,0.017044887212674466,0.014840732919646535,-0.07679089911129186,0.010912621394148662,-0.018800893213004335,0.0009283750637211365,-0.010480863453584352,-0.008669974371055933,0.001910147077946614,0.000459060585259054,-0.0023253979004459104,-0.02648466522684395,-0.02851119552106676,0.00011340577081385906,0.08503251962816728,0.08897692063681426,0.0004416413530984924,0.027768919359892393,0.06451502031752794,-0.0011571189648052235,-0.020453102607509932,0.002572194831784979,0.0014452212100642306,8.469250191886609e-06,0.0015331195036085504,0.002364772063709318,8.489540392069396e-05,-0.0028505279816863124,0.0,1.5655331879841966e-05,0.0,0.00011705815373904557
5,-0.000364423044196952,-0.0018656995859270894,-0.009183352803053445,0.022963437405300758,0.03656760132776346,0.010482003235724796,0.021817324387663168,0.018195732616909533,0.018653671746441964,0.06541491582312216,0.009819964345615275,0.005883640930437517,0.0017438588089851662,-0.008618787648617158,-0.010259768407402652,0.0010234147438975838,-0.0007742691795615178,-5.4465692860776796e-05,-0.0304019106283419,-0.032204470498975284,-0.00012131527861917053,0.054472343400116266,0.06898828755532463,0.0007758933811032531,0.0125515417002926,0.05390013725868909,-0.0011417717048176285,-0.014437427890656634,0.0015572998054219152,0.00198835927529666,0.0003388701500362011,0.0028180340510059487,0.0029436340787785155,2.053832137060915e-05,-0.0016517390192968867,0.0,5.527081659319766e-05,0.0,8.367545959759733e-05
6,-0.017193140236427443,-0.009213506150080802,-0.0191561622184477,0.013057096672058795,0.035654343468462836,0.01040563855259909,0.023941750513240698,0.018886559205823546,0.018112624708012337,0.06382549119876041,0.009050843248629144,0.005799849788563421,0.0014375692908004999,-0.009433045021158598,-0.010355154126560795,0.00043329874238592567,0.000754642057347593,0.0010698420906579823,-0.026816324580622507,-0.030478118547576157,-0.00024037008811556785,0.052663420148154415,0.07203579462059907,0.0006833691447319217,0.009396674879949772,0.056092487519938575,-0.0011180240202529244,-0.012627630023875003,0.0012930983887428282,0.0017735427146005523,-0.0006556039588415199,0.0024237127672756937,-0.000896959201729648,-2.3641963619077296e-05,-0.0015911324718363082,0.0,1.8149930440869688e-05,0.0,-9.372846753576917e-05
7,-0.018782880369823583,-0.0001451427572372469,-0.01735802086369255,-0.018067009678499498,-0.024337307319872763,0.0036213698892007874,-0.020231397107253378,-0.02330608002352159,-0.020781957418976323,-0.06346879434999567,-0.022295703301820107,0.00208273988364403,0.00027524134282741805,-0.008596037170552753,-0.009531719947433404,-0.004655498635736966,-0.003138824102965905,-0.001424083491799543,-0.03244298167442253,-0.03118187343815943,-0.0010097257795459935,-0.048694137050644924,-0.0679926092732026,0.00015375232614612747,-0.007510058918043621,-0.0665972972049629,-0.0016002903495334212,-0.018571641198928224,-2.632311915152566e-05,-0.008668073227540832,-0.001385046697744516,0.0006105644738226961,-0.0014793406276910309,-0.00019694502088700785,-0.004223332916981082,0.0,5.707789245010937e-06,0.0,0.00010907736279435612
8,-0.021932926982494348,-0.0053416859915478435,0.006386958209505887,-0.020153892324044808,-0.028905043540358347,-0.010432149804861074,-0.01894432323887486,0.0071333088144428375,0.007100168538772472,-0.0714102002491341,-0.029699272466148122,0.002766836620353202,0.00034870943799515425,-0.00989915251638545,-0.010536452500927869,-0.004188611057840161,-0.0034087392118687413,-0.0013320152074863287,-0.032856825587967445,-0.028217182827360857,-0.0008284774786374892,-0.06178610805591529,-0.0792559116760119,0.0002512825505002014,-0.008994625469126313,-0.07589245755681524,-0.001657970898031363,-0.018737635230745172,0.00041476723865278966,0.0007500911898898064,-0.0017460951898708161,0.0007515295029357179,-0.002013017928156027,1.0805889567303373e-05,-0.004296077156237609,0.0,8.403624693032011e-06,0.0,-0.000583731431657583
9,-0.0027345773557446284,0.007392941777329367,-0.007752256052360339,0.010203222076763711,0.007599094588860393,0.00422635780283605,0.009311096374262123,-0.05101534159242295,-0.042487837022201956,0.051287287500013094,0.008240254581654985,0.0043795095949733754,0.000856196735481067,-0.00711164175385226,-0.007479908358170065,-0.00021083435479358665,0.002065876287302679,0.00040458056970330046,0.05093046266930086,0.0544692764654788,-0.0003905228989399477,0.034432399944547644,0.05407804179639604,0.0004079913300626853,0.0018668811311681015,0.050282554883686575,-0.0008651581947275013,0.03541422891979774,0.002432468603021943,-0.023431526567697817,0.00017400392287813556,0.002228238340245881,0.00010558682935805984,-0.000121052577925831,-0.0023655012804674083,0.0,4.5007770276004504e-05,0.0,2.9178255863870765e-05
10,-0.02064846176019758,-0.002136831133288483,-0.020195714751764928,0.024294623078559372,0.008706239518812534,0.001353871503311785,0.0032358411164322975,0.011723348867463878,0.010420701417623393,0.05493509415189665,0.008828869318999863,0.004297008089482699,0.0012451677312873457,-0.006346538490652921,-0.006826958002559691,-0.0008171679619110586,-4.428328580744778e-05,0.0009076097194898133,0.042487481215763866,0.042157729846691284,-0.0004538682517831376,0.036877359673737564,0.0577146307600691,0.0006750715163200116,-0.0004886936446695874,0.051729297713689414,-0.0009110479049410867,0.027892104027807195,0.0028756113488102478,0.0015682877343635563,-0.002063290126022707,0.002200488550409799,0.0006007121270649166,-4.985443031130287e-05,-0.0024480769499304056,0.0,6.272145966157149e-05,0.0,-0.00017500271139000734
11,-0.0015687465011612809,-0.003410286560426504,-0.0031286615785080397,0.02141131576389075,0.03176395966076151,0.00140642430417417,0.024385580911318944,0.011473721167686479,0.01010056674399328,0.04718845553118569,0.009091952623987666,0.004385396560040246,0.0016122883859291844,-0.00571049077521827,-0.006374395205959614,-0.00028195892856089144,-6.797152998206902e-05,0.0009702229315105461,0.039855261694701036,0.0409930464519417,-0.0002948092632506799,0.04037729216845885,0.057922676627319945,0.0008035250163002126,-0.001391320932664221,0.05237554572999056,-0.0009538029540184752,0.02573330371654418,0.0032227202340040805,0.0013646392207261925,0.00019015729165130677,0.002351896516694838,-0.0002022215366901797,-3.3664219302648166e-05,-0.0018009268149779926,0.0,0.00012282741226749374,0.0,-2.407444915557386e-05
12,-0.018083704069592397,-0.00924850993951434,-0.017723766725676295,0.02187192578347823,-0.03362603693829426,0.003940170001764203,-0.018695691158504005,0.008011319491278363,0.007040587862037713,-0.07156900019638213,-0.030327955465028696,0.002171127431557107,0.00041437116427387615,0.035974256608507435,0.04395605130500286,-0.003416536927181255,-0.0047813976550108795,-0.0016975282481544124,-0.030891557223680338,-0.02776133403382784,-0.0007808169621363048,-0.060732216796640925,-0.08224217203475705,0.00037985685886872503,-0.008981594419000058,-0.08106184043103805,-0.0015712061418593146,-0.018008709149633245,0.00036736730527910983,0.0008094922152983191,0.00255691023371523,0.0008363303049115143,-0.000889660147044283,4.7145531906209565e-05,-0.003678261970815383,0.0,1.4125892983087917e-05,0.0,1.2244879281849201e-06
13,-0.004005216526980884,-0.005062874014837904,-0.02093376322748932,0.0027641095322069693,0.01982242089669915,-0.0033354851585001687,0.01699841386066386,-0.050746059707478336,-0.04020946547087199,0.057806350982175486,0.007713235341569897,0.0041120497539419015,0.000832646944764154,-0.006954772359800137,-0.0071629802045846186,0.0003430583465066389,0.002042175478564298,-3.6011193926950093e-06,0.050745090353053794,0.055938640959345004,-0.0005713584059365109,0.03027835418575087,0.05332236326584179,0.00043788355639364787,0.002478126730340951,0.04945420039026862,-0.0009820174438396603,0.03825660771203654,0.0017628577116456413,0.0012825788853676075,0.00021269222134681718,-0.025695981005614633,-0.0004372976929760383,-0.0006087465524674526,-0.0023403622204368714,0.0,4.240280129897371e-05,0.0,2.6317477951798604e-05
14,-0.003273114339079201,-0.003476116683948741,0.0018980816949516798,0.01679290706507692,0.008188616072053883,-0.011820192678723166,0.0026140471201470225,0.011398903999477447,0.01008135394768192,0.04577092978757072,0.00822856974371553,0.004594893868242244,0.0013942287737361966,-0.007309096846339177,-0.0075383303820598605,-0.0006306999125386463,-0.0017843151442562802,-0.0045392262258908645,0.040540984805369544,0.04015583369901182,-0.0003492593524060707,0.03834029057560887,0.05170486278526102,0.000587528518088419,-0.0004887012991858258,0.05112594947979413,-0.0010217873379135612,0.02890476529382557,0.0026528990623545406,0.001345797591061149,0.00024219413858608314,0.0024300267216636655,-8.371425089185478e-05,-2.5990136457287104e-05,-0.002411779271539066,0.0,3.799345445343986e-05,0.0,0.00022891691374454044
15,-0.013566037672616663,0.026504722011977486,0.00948306517650969,-0.026320035682475935,-0.02973729199508074,0.004761274166910205,-0.01778813861633164,0.009122097998667646,0.00877118528205277,-0.07345875154076723,-0.03693388658342138,0.0029995047619800516,0.00036740965107991163,-0.010136916717062301,-0.009493419554366379,-0.004649460710448971,-0.00465758569075605,-0.0012045718625243902,-0.029648174822278228,-0.02510802693591048,-0.0008960986323740172,-0.053748563752757064,-0.0739179258201602,0.0002538742679254947,-0.008531016610828756,-0.06764969349818988,-0.00156099897702587,-0.01882479116072133,0.0006803082821065635,0.0008060857936268965,0.003793458390735687,0.0010651071768707468,-0.0012066738490434826,4.778841342383945e-05,-0.003798168698920587,0.0,7.539814220747767e-06,0.0,0.0002658900172855279
16,-0.02307847600248296,-0.000505173494619203,0.006111967677034292,-0.025322146523391962,-0.022079905577146716,-0.00955450744488191,-0.017318590909240438,-0.024912012816836752,-0.019848390195493594,-0.06485485562017575,0.0075278127568308645,-0.011256545013827127,0.00027402855910320763,-0.009380329789942613,-0.010260887913968671,-0.004059846388567309,-0.0021186584976894953,-0.0015320197284267583,-0.03370557827401824,-0.03065784463634047,-0.0010267576218642527,-0.04976860367906231,-0.0678307091657955,0.00015316750810181426,-0.007421780379529244,-0.06699005619676501,-0.001678344339678021,-0.019322944416956804,0.0001629216901650643,-0.008700352709909013,-0.0011089067490735204,0.000706280237004041,-0.002115653097542992,-0.00014387488489092193,-0.004634173914104638,0.0,5.919629522795582e-06,0.0,0.00019450424308364747
17,-0.011928605824931875,0.010403086583279375,-0.0187011937270047,-0.0029364237619189312,-0.0245482736584212,0.006778305950876909,-0.019230866877824587,-0.028217439212317078,-0.023865819630633743,-0.06361326320351086,-0.023580313864702055,0.0015460850276854358,0.00030254837380272334,-0.009630178627885299,-0.00931685564077872,-0.004060737524553338,-0.0027367909069357394,-0.0012089101451496565,-0.03354312381973345,-0.03238554730835884,-0.0011009192516700879,-0.047038024235829305,-0.0730079465565576,0.00016679953453521587,-0.007976282142104956,-0.06642804173994656,-0.0016359348052638186,-0.018641036326811477,0.00010724273643000065,0.000813341490532948,-0.001837959906143838,-0.008136436085550694,-0.0014663513848750167,-0.0002665459297175108,-0.004399916642269313,0.0,6.664150194662801e-06,0.0,9.229815954626084e-05
18,-0.019953523713022236,-0.00037941590371064844,-0.019760592455544027,0.01066658566808571,-0.02926750634989453,0.001359759033720264,-0.021458455110016827,-0.03774964686432049,-0.031457108242142005,0.07208096249074515,0.008854563209975934,0.003112991604611862,0.00038887499396557986,-0.011197091469457392,-0.015347907837879869,-0.004244144848417141,0.00543544240517223,0.003368010497145495,-0.034006039857561045,-0.03909478012102469,-0.0014579006869293151,-0.049094587748559994,-0.07573468307274761,0.00015392770919686111,-0.0073698197803070626,-0.08132466491607249,-0.0017799433754482124,-0.017503880092322645,-0.0001314283894023631,-0.009316907602063359,-0.003082773494871306,0.001026894983306143,-0.0024894398312841127,-0.00029450968725442875,-0.003701021302102113,0.0,4.34318861952312e-06,0.0,-3.0897576147238085e-06
19,-0.006579153815232823,0.020123284429148517,0.016099559141402802,-0.02537985402900134,-0.02831911149868783,0.006135198392604323,-0.01819503632524313,0.01085846448641101,0.0099103502577463,-0.07585050455158265,0.01112571514571577,-0.014007249520581246,0.0003863457180164365,-0.009649958457184166,-0.00885493954624162,-0.0034915063538293193,-0.005007620301905841,-0.001195611364055804,-0.029929678141613583,-0.026748909564417486,-0.0010259185780171136,-0.05519234010380706,-0.07236248965075809,0.00020401220391083917,-0.00902481268984248,-0.06670872782365729,-0.0015540096378956925,-0.018051795002086934,0.0008735472367199801,0.0008830714217603738,-0.0015895883953092947,0.0012914362020456287,0.007188743319399815,0.0001695518862687529,-0.004109178563369243,0.0,7.593211891240861e-06,0.0,0.0005028785278792733
20,-0.01358172257338815,-0.0013502316843309592,0.012246937802091143,-0.02228223760925247,-0.032249402425681355,0.00988001039308701,-0.020960528161197388,0.008353072068236038,0.007735955077715768,-0.07448719774313323,-0.03507196081092651,0.002270106876963632,0.00037543776005186157,-0.009938747220247958,-0.010050879332146136,-0.0043549909824437474,-0.004883878605297566,-0.0015215311022409958,-0.030790730350020185,-0.02882123123795431,-0.0009416559138410812,-0.05930084641563265,-0.07481865860588101,0.0002414203031546515,-0.010334661959453734,-0.0726394703868246,-0.0016450463149836247,-0.017911302859561957,0.0005783254909254177,0.0009406541086894412,-0.0012359717601378099,0.0012848597310280495,0.005285623742007797,6.131874449687979e-05,-0.003967990368815225,0.0,8.509490473541809e-06,0.0,0.00016818720218816726
21,0.012447809622557808,-0.001236618940430814,0.00814580259379276,0.019738220462513237,0.024675436055162075,0.003149765453998663,0.01678864266603831,0.009554523196381793,0.008214890059786829,0.04681571362943749,0.007642976124751354,0.004997487331675917,0.001547021906368639,0.013828321081005613,0.015344844886767598,-7.192410803156489e-05,-0.0015407962487949882,-0.00019006236705973036,0.03237355353464277,0.03317346363440297,0.00015292465807750083,0.0347721945554182,0.04667022260356064,0.0009051046417096672,-0.0016638155530224515,0.04603625509288048,-0.0006395922999750564,0.022494094215706327,0.003185027442754383,0.0013426580600447132,0.00042939573175349775,0.002208624284782003,0.0009532765440553508,5.114151724538311e-05,0.009261453810902574,0.0,0.00011577181021746449,0.0,8.168196410843017e-05
22,-0.010695792201981583,-0.015601649913481761,-0.022795602712497868,-0.0120931959857117,-0.037280511876142154,-0.0015979844795692795,-0.0231537811094731,0.008359604449420915,0.007576853531322832,0.0693174910268096,0.009837198847003653,0.003616913470210926,0.0005508257824057086,-0.010939396775815392,-0.013914393457305418,-0.0054076683753698195,-0.003984734921507885,-0.0009297782402218697,-0.03746202483070446,-0.03753996919391702,-0.0018005691589112196,-0.06401421690646954,-0.09940570914170856,0.0002579138175740424,-0.008819756845038877,-0.0973611889545466,-0.001871000100729276,-0.020174693521500087,-0.001367675078887669,0.0006119864533340684,-0.001643612248997709,0.0009149603134862888,0.0029053224973251343,-3.6464414876905246e-05,-0.004657426418873722,0.0,9.693705969076204e-06,0.0,0.00015906662095081168
23,0.017921408411048,-0.010337571863744375,-0.02206594110669677,0.017145994680283716,0.0018962787117073154,-0.007874800365249155,0.0003912829265972882,-0.06411080188535334,-0.05379632990478309,-0.07044398396090322,-0.01954419374530386,0.003712786831383403,0.0004242384340554325,-0.01262576488810415,-0.012840252815320339,0.0009006732532236856,6.540007903982604e-05,-0.0020397309706766025,-0.042482425887869095,-0.04258517743018258,-0.000272067865928861,0.04285554873462966,0.052176567189503475,0.00035928463321800665,0.005421629549777464,0.04289201827787738,-0.0010121425074424012,-0.02332015976042263,0.0005680711316415876,0.0016034687730781404,-0.0006242294566244399,-0.02137717475366829,-0.0025402565967443213,-0.0008041343991780352,-0.0029131956640013282,0.0,1.3778150429829755e-05,0.0,4.770797088060361e-05
24,-0.021971382883856472,-0.008684017955057854,0.007930929615856744,-0.005725358023216994,-0.02790952764511436,-0.009716764812944534,-0.019131694231248577,0.007308756184177108,0.0063869992949198056,-0.06470988110719868,-0.02799799271147309,0.002578734308514352,0.0004017236097652528,-0.009633690799625703,-0.010591427343825451,-0.005317465319877894,-0.003626266161791218,-0.0011887648362128413,-0.03349004614116113,-0.030996059611132765,-0.0007967589506556277,-0.06322017117585739,-0.08650716599036452,0.00025051822753585,-0.00869687930938422,-0.07779048549513154,-0.0016839403767407533,-0.01952414687961499,0.0004592393784003141,0.0007174794770427283,-0.0011839341534936603,0.0007110792398204498,-0.0020864393980720157,2.285861238493408e-05,-0.004222703516492053,0.0,8.855908796953987e-06,0.0,-0.0011886304861599792
25,-0.015410300375643289,0.02378441298006021,0.022005829722381465,-0.012219492342315444,-0.03389273420543407,0.006368372320925608,-0.01897164119215153,0.01161231226191254,0.010792135811926845,0.07717508137865643,0.013359735377298936,0.004983453013793648,0.0005832728811262058,-0.011962952293792847,-0.014936411213941741,-0.004059526585136699,0.008839459118808728,0.002073022646038283,-0.028968834812066267,-0.03265871806547364,-0.0012606657482051413,-0.06002286623472507,-0.09120537728092025,0.0002536583358543396,-0.008693817389591109,-0.08769482348534839,-0.0016713616732811957,-0.01624771571610188,0.0003959071663075796,0.0008254757587829451,0.005259692972577687,0.0012502211783537744,-0.0020615089278732644,9.590560709722211e-06,-0.0029382119704245827,0.0,7.71030574776341e-06,0.0,0.0007220292810256076
26,0.0034484584033185463,0.0038624284300686606,0.00017554629871452816,0.019345236532017678,0.029401325774291397,-0.010188891067399793,0.020828220537441593,0.010713202244539713,0.008735847933824504,0.042855586403546815,0.008222980340724587,0.004227457978572251,0.0015510647910432591,-0.005732083659657903,-0.0056236417534821816,-0.00027917932162368917,0.0013981481555697388,-0.00355174771546373,0.03906601711459299,0.0396344717011009,-0.0001040424831955189,0.03907808930875712,0.052979755139404935,0.0007800775385194766,-0.0012300684916917947,0.05232292122382453,-0.0009752628982635323,0.02891806750190615,0.0029772161834507728,0.0013181380681908776,-4.750075006318726e-05,0.0023110036753999576,0.0005007918173521749,-3.6380325776521015e-06,-0.0023135708315980166,0.0,7.332323835474054e-05,0.0,0.0002063859713859167
27,0.014533165072093073,-0.0069600021133765545,0.00946071351031755,0.016564153410018878,0.005481682825403954,0.0037329296951940164,0.008172471710345918,-0.054218204910997984,-0.04809806702131666,0.04418433903219931,0.006889434540242828,0.004106610042326597,0.0009352236386618757,-0.007403022840286672,-0.008416200741449184,0.0002427125651365401,-0.0027516781019602692,-0.0007756866930410708,0.0501366970562032,0.05208672817823869,-0.0004319440300628647,0.031362367001161115,0.0473610373921517,0.0004213813673563275,0.0022183490716271115,0.04816788355554973,-0.0008056487987148218,0.037320107293613174,0.00225884880639008,0.0014578154545633396,8.421695932272203e-05,0.0026074274760686405,7.033659526056108e-05,0.0003456709061464974,-0.00228026397036743,0.0,4.495913479684341e-05,0.0,7.611284829189453e-05
28,-0.0073115991491985895,0.002331240575654539,0.009592600209720222,-0.07240619546558709,-0.009348888656157565,-0.00410224608162897,0.0023722170747872188,0.01633869413196232,0.015534647830853109,-0.09191971149633894,0.010063608059356568,-0.028232171228358617,0.0005294989422504269,-0.010689366892307366,-0.009575065465470886,0.002717273653782859,-0.00014493396995545702,-0.0030944856933853397,-0.028858708854740428,-0.020592499157961804,0.0001952499105869577,0.0755959338708398,0.07570903677494746,0.0003763368612969587,0.024723318204897746,0.052261977487756316,-0.0012246825783013063,-0.01685010571559109,0.0022308305251066236,0.0016131248402915664,0.0002686083146169845,0.0012175872918076896,-0.0003990378529173277,-3.857052938267938e-05,-0.0034026434473790603,0.0,1.1929873120074396e-05,0.0,0.0002645588983753961
29,-0.013131534528825576,-0.00015026749412935903,0.00849611248123063,0.01220287115934685,0.03281480250021697,-0.0024623759595902984,0.02319343209550527,0.011085221054708523,0.008906237762043833,0.05031573178163752,0.008940981418281854,0.004830714589265609,0.0013775227900283155,-0.00516322091332747,-0.005795376277378948,-0.00023554820667112878,-0.00033588080941172394,0.0012284999936029459,0.043020963311619476,0.03899201875786613,-0.0002152695440103122,0.0406337663607958,0.061607103929117626,0.0007478924682612686,-0.0008936979820442392,0.05364798731050418,-0.000934144080688609,0.028312208737976623,0.0032263611865530903,0.0013593674976792878,-0.002831324060372236,0.002245506659088311,0.00033856027507337105,-2.6976002786676574e-05,-0.0020496739691548125,0.0,8.219446105608069e-05,0.0,3.215011925767723e-05
30,-0.0012040513922162031,0.0034227443662757156,-0.0005096141694171473,0.015791142904218985,0.03513896372625742,-0.006515192962387941,0.024049357264642815,0.010156446801413015,0.008762544066382053,0.04521949711310725,0.008561044215818813,0.0043707128659924085,0.0015493091517126414,-0.004768537494769222,-0.0050022039982484945,-0.0002386334798693269,-0.00040075660385938724,0.0011698655894630827,0.039549160427172166,0.03843334871949574,-4.788235509630141e-05,0.04202356373108916,0.056156395120594095,0.0007825692916729266,-0.0014549462181269953,0.05302348426251886,-0.0009877491940499092,0.028724730489225945,0.0032185215900394793,0.0012826459006483662,2.0398903981550114e-05,0.002331445429465893,-0.0004066436607680773,-1.5518938991874672e-05,-0.002090441528546393,0.0,8.829438587622669e-05,0.0,0.00020065836544677325
31,-0.00011708418099842489,-0.0034062704571539964,-0.0029284601642739602,0.019591339414155085,0.009759258548770581,-0.011525540104782237,0.0035201682251189883,0.009649723507974236,0.00945720476919968,0.052385111347431075,0.008623367056030503,0.005348012022887549,0.0014178588330696366,0.017131992577222567,0.01838765926994874,-0.00032889073704137664,-0.001207501439154632,0.0009842908521342526,0.03699404895229028,0.03844137656319304,-0.00010089315809746684,0.0408112554905989,0.05129494028816727,0.0008782320832998372,-0.0011570127874302595,0.05029354081080666,-0.0008502390647722732,0.02881722885253783,0.0029534123730984877,0.0014238012741136523,7.956385636764197e-05,0.0025548144062207284,-1.4050879833047021e-05,-4.5325111923337044e-05,-0.0018175451875709794,0.0,8.077221422927902e-05,0.0,0.00011821884538004961
32,-0.01971534509638297,-0.010396757700943766,-0.016186603874628624,0.017516051746216735,-0.03134006890119074,0.003646798956048586,-0.0209328901575767,0.007404819520163701,0.006671132393539095,-0.06623836753552069,-0.02701960908464356,0.0018604786187345589,0.00044460225868693884,-0.009883240116987053,-0.010107709722323811,-0.004962834260972586,-0.004189857765619824,-0.0012107878846772985,-0.03319566452771197,-0.030545232587123668,-0.0009182164965843369,-0.06012545576404162,-0.08695572153426409,0.00026403920343284987,-0.008032278189008183,-0.08151101628754752,-0.0017395126957450524,-0.01948868936058593,0.0005472353336462539,0.000825975788639053,-0.0014590463289120134,0.0007795886380163099,-0.0015003294838155192,3.0167484357187724e-05,-0.004199628308479679,0.0,1.372599252040274e-05,0.0,-0.0007393674967690744
33,-0.022676034134371578,-0.004837610062944319,0.009586009227565168,-0.024653457029511303,-0.026726049251622457,-0.015109953296981643,-0.018023464904898732,0.0077045216196054015,0.0074051022646830405,-0.06999343601265001,-0.029337332418920448,0.0034865529082979394,0.00033844430373415363,-0.00959286292914563,-0.010105705600434176,-0.004656431917777,0.00940854370655187,0.006267417776481081,-0.03163057482901059,-0.028648612401026594,-0.0008137759716281349,-0.05930385451623679,-0.07619939223250059,0.00021714405252691804,-0.008179583641458517,-0.07482328730775413,-0.0015960623898695096,-0.01831770713269326,0.00044097446664106374,0.0010273666850280567,0.0038034859901670526,0.0010305174148495173,-0.0027362735108376513,3.4190941530806346e-05,-0.003588008964205513,0.0,5.874274801789266e-06,0.0,0.00029619427581829014
34,0.009145005757016884,-0.004298064505361758,0.009054725608629955,0.022843079905129262,-0.016206900066399525,0.007717270198906812,-0.0108052976532314,0.010839615743952622,0.010864291975387576,0.0488201938733805,0.00943185561453542,0.004638235591209864,0.0013943096719004583,0.019639738715616306,0.02005288342682843,0.002297522913084425,0.0021870049521929623,-0.0003115250448579757,0.03495884323046919,0.03292053862649825,-0.00011839445548192559,0.04972443082361793,0.05741245327649249,0.0008335816253718651,-0.0024469747123312623,0.05318740340426317,-0.0007461442903973288,0.02758436051426804,0.006153036346282044,0.0013734793463549915,4.822586465427512e-05,0.0020207139733571826,-0.0008220161844420605,2.8148200975020743e-05,-0.0021916349828146396,0.0,7.155820983846948e-05,0.0,0.00013987135693751293
35,-0.0040101086341605904,-0.0032972338796739536,-0.017371598036991984,0.017798410481556007,-0.01452157975338425,0.004288772606270344,-0.013645242384116218,0.01076021228304128,0.011645820651925352,0.05485575733867912,0.01115010421011119,0.0036732607207481645,0.0012486663766310229,-0.0068393141399531975,-0.0072982036450425815,3.1005022254397414e-05,-0.000337369597513237,0.0006642312882562839,0.041378024778021424,0.04294099733001988,-0.0004241837844097536,0.05320384877188224,0.07518080668080473,0.0006426721332229078,-0.0026857459475640266,0.060914778847135705,-0.0009690030410546686,0.031354579748707104,0.005869338227034631,0.0013311897839408133,-0.001702310489899703,0.0018692593613409774,0.0020418613031648897,-5.055472613478185e-05,-0.0029886088146607215,0.0,8.51499421567907e-05,0.0,0.00013269895278283643
36,-0.013055397318259608,0.015066374329096016,0.009552956239927394,-0.026344720256521313,-0.025751910941304947,0.0026244178995972834,-0.017964142724398845,0.007227997749844591,0.006974660656672441,-0.06994920063599323,-0.03128229761000931,0.003772572580330153,0.00036559724175517247,-0.00903174824260721,-0.008645770360572163,-0.005359659127780132,-0.00648247263341643,-0.00153788586448561,-0.03132317250753189,-0.026663726510212524,-0.0007539338248216831,-0.05858193032780025,-0.07450129548761453,0.000267805059380802,-0.007773373546118609,-0.06925343419159766,-0.0015814621710462631,-0.020020544888107686,0.0005977169463595633,0.0010775209412870062,0.002618503856677499,0.0009728516307470334,-0.0016067330535975758,5.000032592370544e-05,-0.0038775278346630023,0.0,8.518711145721177e-06,0.0,0.0002504622106025906
37,-0.00921311183089508,-0.0003281751278323062,0.010352521729131304,-0.06965475992545954,0.030174734324804126,-0.010060260505071712,0.010233231862059917,0.01280499984062717,0.011154497803300068,-0.08762257105797464,0.00856182818282788,0.00935366088972434,-0.012428628650471915,0.021620329422937137,0.02280021748899451,0.003616734797617012,-0.0004293117083548369,-0.0026085607845808727,-0.028826035455048207,-0.02504273551418979,0.0006410049941319311,0.055800994221832954,0.057208146010572995,0.0008538380411163092,0.013424174652541301,0.04671881629473713,-0.0010932351739527705,-0.016896928541017164,0.0012929918101213195,0.0013662206251262993,-2.8566282230916755e-06,0.0015287035159086903,-0.00024583347343936664,-5.8745126940269474e-05,-0.0030470785160244714,0.0,1.4646846724091064e-05,0.0,0.00013249409644625868
38,-0.012410835265320216,-0.009472246831882134,0.007674034889787056,0.017288811450050675,-0.0314094241456296,0.003908244728089287,-0.023075830003453278,0.00792372572602324,0.007884911083981603,-0.0640156390036004,-0.031091694547055543,0.0014448740949759707,0.0004636898248637718,-0.011001022495735983,-0.011329883771022566,-0.004629702020736897,-0.005877204535842284,-0.0013066850613689441,-0.032828153853404686,-0.03139941043621691,-0.0009257352013944291,-0.061070050909033065,-0.08622540592284075,0.00027485588932677716,-0.009649195748438937,-0.08093934553227769,-0.0016950226589283357,-0.019786419137913538,0.0007022045064224377,0.0008226964235783115,0.003009698497740214,0.0010344723210629887,-0.0007884320300243293,6.42021849729905e-05,-0.003910651797354176,0.0,1.542270243241283e-05,0.0,0.00020739502068207753
39,-0.012002558759581915,0.017899839040664434,0.008430924725507714,0.0027741142367538945,-0.02278252778431551,-0.0070558121155603545,-0.018803278112519518,-0.023920446427023515,-0.021546302352767478,-0.05626548756277221,-0.026160840131994444,0.0017093162150569536,0.0003217890341328515,-0.009828408279125964,-0.010125210779320173,-0.004845124687642691,-0.004795411332201804,-0.0014582840409024386,-0.03387422544919014,-0.03327850505509207,-0.0008078352175803823,-0.05097579456206263,-0.07455869402861748,0.0001741706480507896,-0.007332032497802831,-0.07018026977491791,-0.00159039352515886,-0.02026474873493534,0.00037195251007955346,0.000846610462849464,-0.0012420551057023162,-0.008377056076427443,-0.0020481627020260814,-0.00017525817022302347,-0.003997956676916875,0.0,7.041362920901145e-06,0.0,0.0001502812777055849
40,-0.015219420329149157,0.006537103184636917,0.01240241853469726,0.012095003107757131,-0.03195401369958788,-0.02009099565848597,-0.02042949847717063,0.00782855013445861,0.007933662029258342,0.06255070050333045,0.010034384014424136,0.00444543238219435,0.0005448796183634596,-0.011839869326580982,-0.01410867410319923,-0.004745407236933802,0.00826332486481802,0.002424843672015113,-0.033762290670451126,-0.03579949852025027,-0.0010930343426567234,-0.06601693963512095,-0.09304386151690887,0.00024883674414856135,-0.009336026043111196,-0.09745858673946403,-0.0017005106837922083,-0.01819236195017962,-3.299842767864484e-05,0.000745366171271169,0.0036297104609034733,0.0010488296612388343,-0.0025674487335032364,1.964618188370239e-05,-0.0033145064165583833,0.0,1.3181064191806562e-05,0.0,0.00015772820846919193
41,-0.012944787858449028,-0.012477362364724154,0.006950841634056136,-0.025313115261586028,-0.029175095480888678,0.005195782104772709,-0.019147620534705624,0.007816288302110608,0.007963662809374087,-0.07171765640715753,-0.0325638201409964,0.0025312352446784404,0.0003716708268300112,-0.009655291351975157,-0.010190079719409228,-0.004885977851523122,-0.005025455544623059,-0.0013509105138178933,-0.03192651290928088,-0.027858266938483253,-0.0008174353326125314,-0.05828885833458684,-0.07446696967109238,0.0002519367229881126,-0.008613335114184604,-0.07183879830222804,-0.0016239684101182759,-0.019610944229733435,0.000556405506372011,0.0007361499507354018,0.004020127520671272,0.0009730742230769445,-0.0011798681096453674,4.386382140910035e-05,-0.0040229783176792345,0.0,8.755948206706193e-06,0.0,0.00021050056869076627
42,-0.01457847936020192,-0.002298053984063226,-0.002499123791910524,-0.006584236443973147,-0.03155004907071218,0.004695981558272722,-0.01956572594888681,0.00914163034298509,0.00913122979638332,-0.07434114807396497,0.009381531397735156,-0.011206351983110084,0.0004589539890933141,-0.00877826155800674,-0.010168830123958549,-0.004098768839445682,-0.0038795212815594367,-0.0012306451231361218,-0.03172595524643608,-0.03150589126593425,-0.0010798493958616665,-0.05988716606050678,-0.0844636295788036,0.00023064860243931894,-0.009778205901290027,-0.07633687242425828,-0.0017432475246953866,-0.018106993373503917,0.000855317819505898,0.0007271379606897655,0.004487450185817676,0.000989312397380417,-0.001886677208190191,3.258110092197044e-05,-0.004169515517292003,0.0,9.242048409264374e-06,0.0,0.0001368500674870306
43,-0.01773979544713153,0.01695006505399762,-0.01440311842179158,-0.005193927251843002,-0.024658597334936767,-0.008022609928451805,-0.01789831946070276,-0.02675346710778618,-0.02622306784720396,-0.06122456459154175,-0.023390404695216586,0.0022465745738564353,0.00030954800056870284,-0.009718378392704155,-0.010092483670745694,-0.003671416544438574,0.004787100873989743,0.0038134504487128645,-0.03217535970443328,-0.031576397542070686,-0.0010932208395236164,-0.04625747477334463,-0.07107588562569551,0.00016550022187618757,-0.007779789303950446,-0.06858505841072707,-0.0016215335410748586,-0.017438318349501304,0.0004185101601718463,0.0010097525819172718,-0.0023735857607192243,0.0008248321572644076,-0.002060140668476901,-0.0002312146541832059,-0.0036128849147330005,0.0,5.777315083018754e-06,0.0,0.0002549470397162651
44,-0.02105330549146237,0.023304731444601785,0.007452526671807161,-0.02150997753302696,-0.020886035475774615,-0.009014178243768984,-0.014890523748190339,-0.025064875536451783,-0.023792491345685382,-0.06127326475701337,0.007764079881599943,0.004137402663430008,-0.005029298757883227,-0.009704218774387202,-0.009535072950934018,-0.0033540818147347077,0.006413610225986034,0.006117180733364585,-0.031661636355578344,-0.03071109273154811,-0.0010810876861124977,-0.04964681720441009,-0.06881586225434856,0.00017086679684280754,-0.008148706257971415,-0.0695177035970267,-0.0016470211033959862,-0.017467494666782407,0.0004164947082381276,0.001087864500965849,-0.0014850141109816473,0.0007889353212372847,-0.0024656329179946206,-0.0001226204021926108,-0.0036882615686018735,0.0,5.292211722928458e-06,0.0,0.00017489169204192555
45,-0.007658097462302657,-0.009103199100423166,-0.02138594624248641,-0.008484273142267925,-0.030856754612254813,-0.0029663427778669257,-0.022454323533905085,0.007426974185403517,0.005634333440343329,-0.06563844614622251,-0.026642359579208706,0.001587658648458088,0.0004183201417102846,-0.009082229907215142,-0.009422680928873271,-0.005521708116513096,-0.004430982216530609,-0.0014563877469670587,-0.033830006030735625,-0.03298974383215008,-0.0010489899486256207,-0.060630043607343705,-0.08313142237691555,0.0002616609448184523,-0.008893260802192975,-0.07885522551786019,-0.0017211506847023485,-0.019733516156348115,0.00011785804573761263,0.0006680714895606231,-0.0013490931966201251,0.0007120597750314149,0.0031919212859708233,-5.223755162106723e-06,-0.004174902109062522,0.0,9.639224553275741e-06,0.0,0.00016481964991784678
46,-0.004521447517856168,-0.0026041619396411646,0.011560684433506274,-0.006927326486894508,-0.011497096102336834,0.0009011445614592873,0.0019167859291189943,0.016242248636650084,0.01843147970544681,0.07232958899605693,0.012559201594986382,0.008148296518475586,0.0013465574198417455,-0.011473329505406778,-0.009849416828771116,0.0017158199081421836,-0.000740174463585813,-0.0003019316515421133,-0.021317830969901853,-0.023306991561068344,0.00031865336475528014,0.08130140235282686,0.090714700725868,0.0006213349200502993,0.02110736399682469,0.06789046536497503,-0.0010963226415547421,-0.01531525228349215,0.0026155719794928446,0.001771655780580914,0.0009559861890816477,0.0020338590567849993,-0.0003662872257898992,-1.3650160473074407e-05,-0.0019297901744432877,0.0,1.691489955268303e-05,0.0,0.0001655895496234938
47,-0.022994321142772715,-0.004078486664338582,0.006315643546653894,-0.027250276441526736,-0.026866225483218088,-0.012468802708021049,-0.017683753386462615,0.007088743104443101,0.006482006223124109,-0.07358432784666376,-0.02986161030985622,0.003942391511477355,0.0003222779251904534,-0.009699578247381045,-0.009976784888243637,-0.004903378284318258,-0.003987603126065966,-0.0012871421795190862,-0.03278063565939815,-0.02841450075580025,-0.0008250541523025254,-0.05859039706906183,-0.07731869391246332,0.0002344233531541551,-0.008660038688034414,-0.07191844205700214,-0.001634324217229375,-0.01876257266150107,0.0004531347602023466,0.0007923293181449387,0.0030143023454814732,0.0008261213549827105,-0.0026402450007053844,1.158432803738508e-05,-0.004149600486043578,0.0,6.720633906692556e-06,0.0,0.00019844042237627545
48,-0.018688855522432987,-0.013204778847299129,-0.020737547119257606,-0.015719774553455614,-0.025368359715814366,0.002891732229043052,-0.019319928265213226,-0.03359097600966672,-0.030339603353934267,0.0766235199844394,0.008405131471958947,0.004181104131189548,0.0003653258341650258,-0.010836856385308492,-0.014144386821914582,-0.003719765482907855,0.0056504802819309944,0.002595214164097793,-0.03232260460752193,-0.03615955463627076,-0.001380597450173804,-0.04794931149128879,-0.07636301378331586,0.00014748708860132692,-0.007105859463969692,-0.07758292483687063,-0.0018545027651321138,-0.017773073802250277,-0.0005638256521576261,0.0007609497031059832,-0.002891540322199408,0.0010195071382364481,-0.001907372796630371,-0.000489375884496028,-0.0039694798015664536,0.0,1.3420847842920088e-06,0.0,0.00023976448572369784
49,-0.0005153595330201765,-0.002264214069219906,0.007981636663292728,0.012811647565619748,-0.011766917749858984,-0.002668877333949427,-1.8815717302795898e-05,0.016750149605881667,0.015464407143043975,-0.08022645310911912,0.011642361995728174,0.0049826746681539925,-0.019719667493782008,-0.010973666778651721,-0.009781175879940816,0.002327015907403157,-0.0005459571012330204,-0.0017599332816658892,-0.026395647449635882,-0.025894978548450843,0.00017554540389593003,0.08743243964242198,0.0883131904800881,0.0004517720992876417,0.0263847752741205,0.06179234592999537,-0.0011768086692377285,-0.018992031343522287,0.0028329718919553443,0.0016162343288363486,5.999380708764166e-06,0.0015285711398003005,0.0025974945137607667,5.9798254838050685e-05,-0.0025557297079012637,0.0,1.4213946912891841e-05,0.0,0.00019744157977197944
50,-0.003110032515989938,0.0016006911818139831,-0.013705661155761972,0.018638655909889876,0.03644036618509794,0.0029051793487686276,0.02543184817419197,0.011327183989019529,0.00905387152847238,0.04788119730165301,0.008467548956346632,0.0036320284046648063,0.0015124432418800176,-0.005042111948616351,-0.005299445206915509,-0.000544148812384429,-0.0006014252733401979,0.0006002000469946823,0.03848911435786475,0.03777218584628979,-0.00032507187999775497,0.03775152013411653,0.05938438836557541,0.0007890280915286837,-0.0009665163963387927,0.0530722699997721,-0.0009254463183508139,0.025142025010991127,0.003147762946754416,0.0012641712026712929,-0.0027700946026394157,0.002215566312873549,0.0009436587147906534,-3.3280273678672965e-05,-0.002243544531195392,0.0,0.00010541947733993292,0.0,8.634259646941221e-05
51,-9.337855126981484e-05,-0.006582511630280034,-0.0008496780034427984,-0.01629331214647058,0.02092022715687522,0.010534574454577188,0.010560126773039103,0.011142668676664238,0.009927128334752908,-0.08493046458886562,0.007178319768614327,-0.022849011023301464,0.0010733037227887443,-0.006161341576331786,-0.005422903492884073,0.0003215638580693705,-0.0018003302335124268,-0.0016675760730343642,0.04861559990526529,0.047429127808495224,-0.00013402932760396666,0.046121528289770446,0.057690114389446115,0.0007236939160199376,-0.0006190754184159035,0.04972137480260813,-0.0010785607833671438,0.02931942009345565,0.003055513883127849,0.0014826326947141191,-4.0187203065858765e-05,0.0017446286201073284,0.003281542708106159,-1.040107570939983e-05,-0.0014271374967800528,0.0,3.7263673929044297e-05,0.0,4.211775625968077e-05
52,-0.010833552377900188,-0.004923730983271761,0.010992162014094052,0.005009099065663887,-0.02396977769897799,0.0029228614292108714,-0.019350791824771205,-0.03342288683591437,-0.026126860497549656,-0.06322617644790614,0.007953655026236269,-0.008320400144867854,0.0003461129495144994,-0.010213313641953239,-0.010772936718378897,-0.003551975771971419,-0.0031354062959110638,-0.00123495025348001,-0.03454008429104395,-0.033449804953928554,-0.0010123034227343525,-0.051192493028167335,-0.07435053517752765,0.00016503155729767562,-0.00821428996079347,-0.07144946586909985,-0.001691832989812278,-0.019192838923722238,0.0004249692884322308,0.0008720446858746108,-0.001669828048581344,-0.009850119104507801,-0.0023707205474003674,-0.00015679763596704305,-0.0044964439728871946,0.0,6.859548404171761e-06,0.0,0.00035186569202596803
53,-0.01141358600651016,-0.001431654424714298,-0.021020404740690394,0.018159975847594975,-0.0025615486965177335,0.00276760127453426,-0.020070160157022458,-0.03343385167985916,-0.026266209528564947,-0.06451811281496206,0.006282705979885551,-0.007794601053215212,0.00032985400618329425,-0.009427809492475238,-0.009922425580477878,-0.003655097427889123,-0.003643798237280434,-0.00161799145713344,-0.03806755543814801,-0.036456918931942174,-0.001204210704160948,-0.0481658727010698,-0.07079697147761659,0.00017121152416088077,-0.00831240913876872,-0.07067990035302182,-0.0017328993080802301,-0.018966060740933554,-0.0001809055130758487,0.0007622014447817197,-0.0012924427517896958,-0.008912400158104542,-0.0017121954566756757,-9.349862972229474e-05,-0.004416513215052647,0.0,9.35396546151762e-06,0.0,8.334855785751157e-05
54,-0.0003195585807821521,-0.004573260658838198,0.009197594186744703,0.020037474126445208,0.009454328685419308,0.006732449572968232,0.006146567051667164,0.011394065966887721,0.010203684231064509,0.051508863947010944,0.009093701981895042,0.0050869394928002125,0.0014206522146115537,-0.007031059520300781,-0.00723108979264626,-0.0007142352722958456,-0.0007668560505910926,0.0013941716023515923,0.042256249101508735,0.042106213030444366,-0.0003438951940070437,0.0412753804120228,0.05715388103949309,0.0006794799404552183,-0.0007300177659523191,0.05264762959426433,-0.000993380452507359,0.02753476262397944,0.002979759816144472,0.0013752120241020474,0.00048591197562389634,0.0024503109014085106,-0.0010004253594584343,-2.5929643096357456e-05,-0.0018992042019679903,0.0,9.292093372356014e-05,0.0,0.00011428901075439364
55,-0.019140980099727183,0.004411262654186413,-0.013397577949600399,-0.014511807664456491,-0.034796727623380416,0.003917974491457933,-0.020827412547737772,0.009438668171943986,0.009738079032851172,0.08029021651313471,0.011490771449322729,0.005059137313895953,0.0005316796639221077,-0.010311391072639477,-0.014361856563103003,-0.005030197226194212,-0.0036400280439309184,-0.00036264724525455263,-0.03327366554609616,-0.035802320855311924,-0.0013607030370024647,-0.06563239487527975,-0.09684238749784072,0.0002618804300690214,-0.009031566277230408,-0.09340525099311486,-0.0018269319754113749,-0.017914371616087846,0.00010523848560377676,0.0007853201243299198,0.005572503924422038,0.001025284128241908,-0.002197720269618791,-6.621777236759995e-06,-0.003973168449257545,0.0,9.105202657801898e-06,0.0,9.99548209054226e-05
56,-0.004626263358502882,-0.0037665262303485866,-0.016582070392796622,-0.007697101935774568,0.03989114063755705,-0.011283410989749963,0.02481746065632081,0.018088786865288663,0.015435286068442803,-0.0820947715309245,0.0079059774571069,-0.017100579933909933,0.0012435848960751046,-0.006639686153213624,-0.007773861523513693,0.0017822844909997724,0.0011480883823472923,-0.002143813588039076,-0.03306231016518008,-0.034801956808594124,0.0002767118172013044,0.05892665765007919,0.06637072014487813,0.0007280112835990754,0.009950280338035541,0.053642830150442675,-0.001207524273168734,-0.016795808138354566,0.0012967478816576917,0.0015381006883519307,-0.00014099867645054928,0.0021072122319070823,0.0036322899420163464,9.97786103432009e-06,-0.002072544946198196,0.0,2.5404185849121916e-05,0.0,5.768976214169455e-05
57,0.04129713666490732,-0.0028404357135173946,0.010610595058444193,-0.0017322418521785524,-0.02820289905036671,0.013933019307516933,-0.01846292122061958,0.012118643161816461,0.010506855027430166,-0.06727599790641924,0.010364939181407396,-0.01373996522783776,0.0005910987172709918,-0.008552696984924333,-0.00926591285690054,0.01763920388445659,0.006443047369880758,-0.0007407067573854176,-0.03146097710062568,-0.032433254723117456,-0.000879161291703237,-0.05391680484385928,-0.0745948759940528,0.00034280319312110947,-0.00845588471965218,-0.07347953174653117,-0.0015872806958532708,-0.017261617206343245,0.00024404996443703298,0.0009307914056122298,-0.0004256198988791165,0.0013406408166900129,-0.0024928918594491053,0.0009240139344453721,0.02107579301850476,0.0,7.451527586323011e-06,0.0,0.00021945592022763654
58,-0.002704953342254002,0.001884389590277557,-0.01127420409432395,0.02218454495000379,0.03695279017686703,0.010513850009907195,0.024282023005712337,0.016622856875650658,0.017963336482837277,0.0644878953264673,0.009529603782599682,0.005641062165096053,0.0016294971311788707,-0.008365229752654526,-0.009283484504001748,0.0008137221708926894,-0.0013934453938557246,-0.0003222141368491933,-0.028592360641259966,-0.03216881238487632,-1.5028063243899584e-05,0.05804367649702558,0.07003516783197067,0.0007859362541736457,0.012091578103094145,0.05786636585464431,-0.0010831322896787204,-0.014731439521208324,0.0015646110726499653,0.0018365921004110076,-0.0018789148448807075,0.0025864743913563137,-0.0007857460328629852,5.821849278397857e-05,-0.0017244557499681685,0.0,5.327170636450245e-05,0.0,7.981739854208362e-05
59,-0.00970839161318916,-0.009358432688821052,-0.013726477168628744,-0.038970909284407496,0.05290288378119771,0.004483006058044728,-0.026572192156802645,-0.03318443519528504,-0.025533898384239098,-0.09265579078891871,0.007160110704757911,-0.01169973627074892,0.0003736611225374427,-0.009478929951706773,-0.009162921619009716,-0.0008805302700199431,-0.0015380279935084842,-0.0009662909678404131,0.05876512475924933,0.052989146864636606,-0.0017693630171086098,-0.04173842776848257,-0.062139677837383334,0.00024985406091730254,-0.0022996613596153893,0.046571550153149864,-0.0031151989229262953,-0.02419202477365676,-0.004793210944244042,0.0011686042745235837,-0.0003586048357732652,-0.011803022727801291,-0.0011937940588176866,-0.0001420489360817309,-0.006604678090920588,0.0,1.6456161391029623e-05,0.0,4.406199288109265e-05
60,-0.023911714201465026,-0.015608194955927152,0.006200754189974193,-0.01371469386825989,-0.03006545327123523,-0.01921808600436598,-0.017224255345006587,0.007729279447169042,0.008073113123773292,0.08069211506968732,0.011684671789958355,0.006214035372357342,0.00042366173936940086,-0.010941992918598483,-0.013659669991832064,-0.004867235879447821,-0.003454044831248283,-0.00029588114094026484,-0.03390724563347765,-0.03266295617821542,-0.0012096704719155521,-0.06382435177945564,-0.08616263641365197,0.00023757790743965596,-0.00794835055887904,-0.0856058241411001,-0.0018001027436776841,-0.018485322562289217,-3.710460067174248e-05,0.0007413123146189795,0.004378102926807132,0.0009367511671246324,-0.0023273993874275197,1.2860581665485372e-06,-0.0044022142941657315,0.0,6.9244314236620235e-06,0.0,0.0001428091117890127
61,-0.011086597167801727,-0.017650034468383823,-0.0259094071811718,-0.00900781082915114,-0.03658515773944005,-0.0038727422501198937,-0.022475605304326803,0.008967220030363553,0.007960385545351356,0.07487589256312535,0.010168654450724427,0.004268901082074063,0.00053219401391142,-0.01142962184153915,-0.014612064233785374,-0.005126312104536007,-0.003944869217525823,-0.0008395128016992859,-0.03578504567302378,-0.037846587620024484,-0.0017638100266767324,-0.0642475462233948,-0.09687633073480245,0.00025975640683130084,-0.009256334517524823,-0.09445977392442557,-0.001907353504962597,-0.019929629020580066,-0.0017046331312097283,0.0006061355902110024,-0.0017181273301630326,0.0009423804560414127,0.0021221084224150185,-3.486283130006406e-05,-0.00465714796945512,0.0,1.0222486838526013e-05,0.0,0.00014776638950024702
62,-0.007514295095412595,-0.010750111140270658,0.022385685997984676,-0.008400234668329003,-0.022665055673117364,0.012801305994663437,-0.021021530043917425,0.008543840878701876,0.008651710856503337,-0.06945026515457722,-0.03316438656741785,0.0023801881882134983,0.000533053099398363,-0.010065331888363222,-0.0109604921683626,-0.004568567601356427,0.010635573114632294,0.007545627684998752,-0.030211058338850152,-0.030928054343731852,-0.0008035126716002089,-0.057569496365761044,-0.0789955775047557,0.00026968644979405117,-0.008789187686199932,-0.0778633697998878,-0.001515043943442517,-0.018930724840839533,0.0005982171304378738,0.0009886909074106154,-0.0013721900229842318,0.0015113595957479567,0.006366314086120584,7.704065852722261e-05,-0.0031154526847254824,0.0,1.0264121408427943e-05,0.0,0.0002805784150665396
63,-0.01145178858366235,0.004911538326808704,0.03086900421673138,0.01698608826835607,0.061439959681593805,0.00930078815323053,-0.017401451763462566,0.014254353074872978,0.011224184248813336,0.08855833597336096,0.013312154837836343,0.0061775141067353665,0.0007516394324532716,0.040737554136861684,0.050549161552134084,-0.0004853987127592533,-0.004508660929429165,-0.001016743123120615,-0.030379346729910252,-0.029965805975805827,-0.000871674589373399,-0.054760492288762425,-0.06911152430273224,0.00039499716455457294,-0.006964762984372777,-0.08498986751148144,-0.0015382603599933516,-0.013295653400026189,-0.0013223616276306564,0.0008909039717302519,-0.0009573722937200384,0.0020131406132755346,0.0016758177949694698,3.423549910380847e-05,-0.003688194096311892,0.0,2.1252599381425134e-05,0.0,0.00017990387049697602
64,0.014377555341397124,-0.0018696480558962282,0.016022002961616467,0.01610630277659256,0.03135301153614667,0.0064657854512141025,0.03080805549556268,-0.04933508181054399,-0.039665972383013684,0.0585632310817434,0.007865988000428337,0.004038931587981131,0.0010502456082389833,0.01885302829942283,0.022088004240311876,0.0012401743942421686,-0.00012823032721076563,0.0008198325025702216,0.044466712378048834,0.04497152429696107,0.00480555050673065,-0.01984547572957456,0.04448880046958543,0.001578526652160654,0.000480290388262918,0.04839632188363983,0.010608151387274514,-0.01659735147869999,0.003678705172648327,0.0012478655607194838,1.5113111008507588e-05,0.002222083572381342,2.9822447955045636e-05,0.0011984071001543304,-0.002086898235700346,0.0,7.929428474212632e-05,0.0,4.995476445768595e-05
65,-0.008552278646930807,-0.0011155102575286658,0.015307138758159788,0.01027267814857311,0.04434369294325241,0.0028098611710360836,-0.021569660221174503,-0.04313264856487493,-0.03329137138949689,0.07122556907763411,0.009732919030138967,0.004032898844401463,0.0005564108921154152,0.03216574715890496,0.03654439878770837,-0.0003560542343320598,-0.0018982345623789173,-0.00026567905445647655,0.048884011009855906,0.04384656791448649,-0.0014790191013146277,-0.03371347860680898,-0.06324737676824077,0.0005235459768427394,-0.0018360611722065415,0.05152852366802278,-0.0022441745427439364,-0.01700674960811877,-0.00866177849099721,0.001027837778910433,-0.00015439048775680792,-0.01783408591219791,-0.0006189536606799577,-0.0004677894101380724,-0.005069739247421835,0.0,6.453755072832125e-05,0.0,3.480715999630171e-05
66,-0.011022356266289427,-0.010643623988186234,0.016126991736795014,0.030489174755635094,0.011491003745515708,0.010543201874257785,0.025614409833833097,0.01516382190659197,0.01241788616710187,-0.0753226565223468,-0.035418807385554966,0.004115851019644069,0.0008833025705818189,-0.008770237490811251,-0.011279447408704794,0.0001326316196034095,0.005778317409568677,0.010460632110290538,-0.039223787616968035,-0.03493529771788988,0.002234948264806292,-0.05005985486627441,0.07152539339311095,-0.008409289273123158,-0.006012002081770712,0.057499150414049044,-0.0025586437231008285,-0.019367039980636044,0.001443054340721608,0.0014242705701815244,-0.000514602939067644,0.0023919624293516632,0.0037071888421793785,0.00012728122618916343,-0.0027352752226896745,0.0,3.4651378610535234e-05,0.0,9.332199403422223e-05
67,0.02400169982572723,0.027898876426984444,0.03603764445412495,-0.013182149258682132,0.002186765473296826,0.018588622245045577,-0.015157872502141082,0.015416374578008865,0.01163619111749713,0.09104830776471251,0.013497012524498227,0.006273936690758893,0.0005364414036894895,0.036528955177923074,0.04376677520365154,-0.0007467809176964066,-0.003497380827710489,-0.001211729509083151,-0.02791680414843683,-0.028324868039799216,-0.0011054344338110244,-0.05283471640040231,-0.071109609206062,0.00045848850521644274,-0.007254205478682289,-0.07869226649295884,-0.0014171977702857235,-0.01319888400368416,-0.0007587282621445521,0.001036848798008623,-0.0004232332880680632,0.0016329159583097648,0.005059578250161583,0.0006004026651375659,-0.003189492004220295,0.0,1.5253176587131871e-05,0.0,0.00028070208061244047
68,-0.00523141280239781,0.008141074980811517,0.013372688062110729,0.004231212104000508,0.04299018460634024,0.005171281642300862,0.036301268958805276,0.011132467343060334,0.009650519628981474,0.06081987618308938,0.010989236094254382,0.00458433140847015,0.0015753141245953017,-0.005340023811917344,-0.006228409196234059,4.2832025360625586e-05,-0.0005052721975174884,0.0006970324616287138,0.043110051266115064,0.04573885411853583,0.006239707392546177,-0.029280078816993193,0.06118460718984296,0.001528199628081698,-0.0012385443235887687,0.053588016020930336,0.013375640636076533,-0.012834761938820912,0.0048325891553927525,0.0012133951154382951,0.0002622740142097959,0.0021541637072501115,0.0012821599559148698,-2.7880891063191556e-05,-0.0022118469948679445,0.0,8.147131616146046e-05,0.0,8.42422432984675e-05
69,-0.01642456339272224,0.016672354414309115,0.019560982791050653,-0.020358791031363833,0.07039928209772368,-0.012667299425688876,-0.015529802466050832,-0.046401979606750854,-0.035277854048519255,0.08334771733150585,0.010348892009444438,0.0061344196518638905,0.00044492800456027943,0.04430656045904574,0.05504682393919872,0.00039666031024626364,-0.002108992166788568,-0.0009026494173966912,-0.029949756136404555,-0.027257937919306377,-0.000999209854095395,-0.039882309580988394,-0.061974053754871264,0.0002748370483813003,-0.004621949033533353,-0.06522229268660197,-0.001703354717135112,-0.014185259390313532,-0.000726461846693583,0.0009424540151991097,-0.0016818095784299069,0.0015034250476104044,-0.0017472070306415871,-0.00048084062777769995,-0.003613260043231676,0.0,6.318225072407864e-06,0.0,0.00016768061293173777
70,0.014955320411948221,-0.004194451566572815,0.014838530383393394,0.013240765882446772,0.01624734298126797,0.00649158988130217,0.021026363186393705,0.011517708748839728,0.00914695555853115,0.059078015405423304,0.009113152341872412,0.004530575600013011,0.001514250224630939,0.01647094306408598,0.021097694637755,0.00034264662404836447,0.0020340097540392844,1.2750474741467287e-05,0.03768400264117567,0.04416321959624749,0.0036395329381323062,-0.0314835032090036,0.049538706581652756,0.002071454301014365,-0.001716854167667134,0.05063761442968485,0.009421056556833906,-0.014737146775125517,0.004518275909803467,0.0012650532837916058,0.000500419819099927,0.002016560981400893,-0.00020043502618002047,5.3388799491926056e-05,0.007973508022968099,0.0,9.097062039585595e-05,0.0,7.485318436993246e-05
71,0.015552632181353474,0.007993446164602758,0.019201027404441184,0.0029464388394365142,0.009196286376446242,0.0028361089758253606,0.023487089333231414,-0.05528494813000762,-0.047017141682962886,0.075761881489295,0.008456808539469236,0.006435611269949375,0.0010060918018398766,0.03249945378066777,0.03198981923542844,0.0018566468344263965,-0.001092894120219358,-0.0006059283063658942,-0.03436510180861723,-0.036103259495289614,0.004087103636865367,-0.031134645696785895,0.05090576899034095,-0.007499410820828718,-0.003262284136505648,0.045920012066425014,-0.001990102842000765,-0.01903374322553106,0.0007506385426623786,0.0013045039627199826,-0.0002178802607467195,0.0026285770918599086,-0.0007323363846905887,0.0011328337816850522,-0.002547131361169538,0.0,3.488855170865468e-06,0.0,6.799483973355996e-05
72,-0.002485525963974272,0.000829089286910278,0.020409657722305685,0.02457168301941204,-0.008035481716358341,0.00863204242172345,-0.0010334410177796842,0.01668021161286928,0.015804528194897572,0.07247419436147193,0.013505750306574497,0.0073659132339788805,0.0014006215111147652,0.030358767096815887,0.03056440434656124,0.0019696489349249795,-0.0006208608558190657,-0.0005728951481093234,-0.018147170837612168,-0.018700083946661384,0.00030442845820203554,0.0728961656100239,0.07587690963063339,0.000804382420273633,0.02019858798068798,0.058885921422771485,-0.0008354714398289707,-0.011633469458256118,0.0026250663030730004,0.0016632187146106924,-7.134432859203207e-05,0.0020101927507684314,0.0005243796908448305,-7.817334137539818e-05,-0.0019333640804270033,0.0,3.9343328020553434e-05,0.0,7.790163115377357e-05
73,0.01347228909333046,-0.008364686586945686,0.015546631780235003,0.005036870523667975,-0.0069719565170201685,-0.019904097092813322,-0.003706410226917828,0.017147417044656624,0.016844971263887988,0.0665214999965436,0.012448715080905877,0.005769973261055835,0.001456109362776456,-0.013450015374782338,-0.012631887506176987,0.0008115043762182904,0.00027359581730935156,-0.00021409892425706628,-0.027120984457414742,-0.03030751068630859,-0.0001409236839682891,0.06526210500147678,0.08020261711578015,0.0005949115624689481,0.014115116000521214,0.06332586999376057,-0.0010954149769035995,-0.01769210634919424,0.0018517597207611898,0.0016602350520185229,0.000646243601850426,0.001995365531643797,0.0005072771973874998,3.367257670042759e-05,0.008797945299292039,0.0,2.7078827295929747e-05,0.0,0.00026606594267258545
74,-0.01917763483530698,-0.007327780603082087,0.014858424900974821,-0.007702205661985214,0.0030562783918871494,-0.0038833240257065325,-0.02078039334162064,0.009424326394352938,0.009459485676543594,0.07563671054543199,0.010529636379153681,0.005343699927803539,0.0007487414769057702,-0.009545351171251805,-0.011286801302088352,-0.0035954024779114857,0.008006300861694543,0.0003506355028140738,0.05358199609860854,0.050601164714684496,-0.0016320309287092888,-0.04594014043971057,-0.08842646701871379,0.00040013302672697957,-0.002846826348623369,0.05978553343387388,-0.0026626630480528386,-0.0204810635802996,-0.013838418096061046,0.0010132926298691033,0.00016976217820218245,0.0012084882051206886,-0.0004067638949204799,-1.1877722704162253e-05,-0.005177916521942818,0.0,6.404028620024942e-05,0.0,0.00017490001555961257
75,0.010930932629921676,-0.005848138598606992,0.013323406250914771,0.019058372732795557,0.008696219943528729,0.0069512309223535365,0.004153883179382452,0.011919778208624221,0.01026268346881828,0.04571043253588911,0.0075631043366690826,0.0044291303344876866,0.0014763624427970876,-0.0075288998807925,-0.008469547772265208,-0.00098171231261544,0.0005441963837515757,-0.00463223135669834,0.03942604861044476,0.04023785352980917,-0.0004296548249748056,0.035547688468603,0.05176766771841849,0.0006569231847936211,-0.0004849211608595783,0.050253060670225155,-0.000975055311464791,0.02509360559203638,0.0029249860346567025,0.0014548859646647376,0.00020962114730205375,0.0023681183570889116,-0.0003665515057385434,5.612098991445303e-05,-0.0025070554407490577,0.0,7.017870054602931e-05,0.0,0.00012696082946987613
76,0.017502359702948736,4.9558592111622607e-05,0.01639926835665657,0.02086733963535264,-0.00910877064634624,-0.018798605771394812,-0.007373794490888129,0.01788865358919961,0.015195421894852125,-0.08221540468820056,0.009855127530526886,0.0035534585535677453,-0.025311441377496587,-0.011689167641156037,-0.011536573860161208,-0.004093763677515487,-0.00019170091334974745,-0.0021366781720261355,-0.030641294922452777,-0.029959912635477023,1.7074913294805918e-05,0.06185748496979037,0.06912054294889582,0.0004771907663393307,0.01214185809116851,0.053030402165965156,-0.001158755464665503,-0.01962873294988883,0.0016541429483667065,0.0013797810259684976,-0.0002028291115051743,0.0014222149687043485,-0.0011990608159168539,0.00015289182436311268,0.011331217685472326,0.0,1.554712119585292e-05,0.0,0.00028854150941252693
77,-0.006318957718878488,-0.0028437896074487556,0.01727114746355663,0.02831523694702387,-0.012528432148484925,0.00950056209011687,-0.005730512047576581,0.017151265649222047,0.0163509671473009,-0.08479470278638926,-0.04912224887803241,0.0037247978370927933,0.0008405412562906879,-0.011292139504434652,-0.010937839036580584,0.001792791355242465,-0.0009281897154439811,-0.0024169247446193787,-0.027553865677672613,-0.02507482897268129,9.362485882546041e-05,0.07999271556907905,0.08708510571769734,0.0005086998983191952,0.028572951010876684,0.06465322767049857,-0.001040477750587859,-0.01909240857584944,0.002489168980067788,0.0019330143061340006,-0.00025971225641360454,0.0017849473796455251,0.003083926374116039,5.785020899433445e-05,-0.002991218506150498,0.0,3.098869973715221e-05,0.0,6.0298453165731385e-05
78,0.018301564495229006,0.004721610630663868,0.01142110328890042,0.03032781197363286,-0.013235426820826625,0.004419386741541176,-0.008667443934792938,0.01016203429861995,0.010166748244492005,-0.0708654730565832,0.00925286398742979,-0.017187983319703896,0.0012667159993142389,-0.005337880235939966,-0.006109213163757692,-0.00029692461573714617,-0.0037566714458952643,-0.0015523605057878903,0.04485366278635834,0.04760889516841334,-0.000327848514683475,0.053844772677062266,0.06927404166860768,0.0005327567371348991,-0.0005697929291164518,0.05549194745281344,-0.0008241871164321409,0.039287232972408624,0.005637239649166331,0.0014298273017075342,8.566043298058559e-05,0.0015129741603248784,0.0009293375466545333,0.00013261101874093096,0.012928663416680133,0.0,7.058970639619998e-05,0.0,0.000152533199760438
79,0.0014405905553657476,0.007003974455582318,0.016508227104383454,0.02949400056687778,-0.009116403784396272,0.010527900117618333,-0.005134896741650792,0.018081322439998215,0.015801358417025443,-0.07594865339532808,0.010789814876294981,-0.019498994704054935,0.0009700730384916463,-0.010923258766056272,-0.010696084660789036,0.0016295243006728616,0.0016936854681465219,0.010467217209698693,-0.027089181315580385,-0.027864464335730477,-3.653133372112619e-05,0.07183655512868206,0.08040518348026994,0.00048676525491905755,0.02169547719332874,0.06404041014491231,-0.001162290100969555,-0.017229932567833894,0.0025303691524993376,0.0017856594054492224,-2.2501644942480816e-05,0.0016781650966498963,0.0028907763025199863,0.0001735328290326188,-0.002715934046899604,0.0,5.433589220164427e-05,0.0,0.0001426550777197105
80,0.013149822466697332,-0.0010085849296217343,0.010097674719063488,0.02112329811132492,0.027494506671140215,0.004366815063872386,0.020533828756923413,0.010792196000810326,0.008904038486240991,0.04756432666635967,0.00829869768570822,0.004888091246300796,0.0015875717932575255,-0.0052217901003618885,-0.005758577516927882,-0.00035595837203854496,-0.000955327509182975,0.0003043556004700595,0.03834572996482613,0.039204823312857164,-0.00019800324046018804,0.034502518476689475,0.0514049704570083,0.0007521500793893214,-0.001299855718617886,0.05034193228814713,-0.0008693516618099995,0.0242802452680461,0.0031873716516816345,0.001388385348671318,0.0004197794755987028,0.0022128384394235257,0.0006662923153477022,5.396387736679052e-05,0.008206416771163646,0.0,0.00012372619980964263,0.0,8.352309126909464e-05
81,0.009870495580333996,-0.0014727726748071468,0.011897707732186,0.022332593647789674,0.031049332484854135,0.007649620741900934,0.02275622559744042,0.011484548549265736,0.009556467452713003,0.045303553807243664,0.008330483724066919,0.004539954870263044,0.0016139328783811794,-0.005730337700263306,-0.006112063472582627,-0.00038049856562091686,-0.0011551954282557778,0.0007298558564022788,0.03864810768616373,0.03815202170650461,-0.000322496960551708,0.038024867852618355,0.055616521124340255,0.000817906704853292,-0.0013987400415446701,0.050571784327133745,-0.001030519969347083,0.0264607037858545,0.0032956137219549955,0.001373546843948743,0.0004397204402743936,0.0023414534590042325,0.00019741773880115317,4.7921495829581065e-05,-0.0019317797898789047,0.0,0.00012297912040813095,0.0,0.00010491983311903467
82,0.014684912519438159,0.00010260440565545387,0.010633823064629915,0.019238321214613205,0.0271352016612738,0.003305316926566131,0.01944590110900157,0.010729595317148708,0.008787872471621112,0.047206651485809145,0.00799303408897241,0.004966537897207302,0.0016179164446438108,-0.0051308410658686176,-0.005760363913850495,-0.00031213359310351083,-0.0006345233945859187,0.0004246429919448259,0.03954655609866206,0.04066841956386088,-0.0001969823538786697,0.034038256889732645,0.05099138978923348,0.0007450830283535796,-0.0014517816016831355,0.05064358483098884,-0.0008746991081697258,0.025765836587577282,0.0031589892760945752,0.001363001449721969,0.0004566354415862421,0.002202718131769649,0.0009201323533720056,5.2905669826074864e-05,0.009318296755516249,0.0,0.00012372619980964263,0.0,8.352309126909464e-05
83,-0.0014335933161710548,0.005978982098672318,0.011179488913052545,0.033492292850065226,0.005051610660825976,-0.0036390700533115573,0.001529291180889704,0.01114027774775835,0.009286172658628699,-0.08025742803977558,0.007564764228416382,-0.019089518440367423,0.001080268314163316,-0.005711378432660369,-0.005664868149225809,-0.00027687275514775954,-0.00272208699913217,-0.0010286035871588113,0.05093430671184723,0.04626795609313265,-0.00016670920609286008,0.04827540025668144,0.060616898154244904,0.0006481973172129346,-0.00021392598155209826,0.052043969131834074,-0.0009108249155644794,0.03677108865646421,0.003218481036028545,0.0013439694387456735,-0.00025790658415481254,0.0019884729687605317,-0.00014912265792967286,2.4999837553426163e-05,-0.0015027106441299243,0.0,5.355597826227727e-05,0.0,6.853940331850015e-05
84,-0.0032099723966353966,0.00040111283238932773,0.017763219062999068,-0.036761377295577984,-0.00961230915943612,0.013023715433642008,0.004567236730025582,0.01603361029044198,0.018904295021755974,0.07941263763922995,0.013419045408354209,0.009179257477451791,0.0010793863448400173,-0.012638017937341978,-0.010297654189699912,0.003326730500578575,-0.00048588898665329793,-0.0006131819972119294,-0.019822073103840647,-0.019561672725858813,0.00012755533797331102,0.07505195334231987,0.08124431431875737,0.0005167994974203557,0.022427443070738223,0.06284255809017483,-0.001147485020173418,-0.012184084652653573,0.0020627818247519374,0.0019596073750460506,0.0004909912698148498,0.001986791800024979,0.00034595316746617436,1.4519349131533584e-05,-0.001980784814713964,0.0,1.6821953072983903e-05,0.0,0.0001690464626431751
85,0.01778237157809195,0.0007677927185092985,0.0169944203219843,-0.002427720563031341,0.004281893109914196,0.00733478999359104,-0.0005093771258110253,0.01603339556121618,0.013643285432867712,0.06320671973476112,0.0087138295475828,0.007864259546226715,0.0016056225200527683,0.02865139831236781,0.03332958524388222,0.0008589177176563198,0.0017743864185443287,0.002310624705241931,-0.021309589341662497,-0.02546953361552153,0.0004896901495324182,0.04855558491334969,0.052724331085792914,0.0008081521408634187,0.009520361994470858,0.05121379319700494,-0.0008828847004880366,-0.01397411186900726,0.0013035463322865217,0.0017146697196342134,0.0008000067729579595,0.0025519796781694804,-0.0007160938157607553,5.7553094405878144e-05,0.008357989867097753,0.0,2.8024967243346155e-05,0.0,0.00015210738044111086
86,-0.002721536497334181,-0.006362351478138148,0.018620231125000806,0.023061828010809797,-0.010475222852967628,0.008964608467156087,-0.0020664444797586843,0.016833711574862825,0.018386135128138525,0.06912124989563095,0.012871984640240879,0.006175129242053155,0.001452728634242169,-0.011916458287593468,-0.010592616641370282,0.001409964937860647,-0.0005389167547157114,-0.00018568624812964436,-0.02175051526769711,-0.0234561512977575,-1.594101018184226e-05,0.07825068974528279,0.09155006861867408,0.0006142251834515554,0.02208209982403821,0.06938121699331966,-0.0010812281669306354,-0.014862712261906542,0.0026059023993941664,0.0018514349569941381,0.0008300321155134096,0.0021150997871656942,0.00021950353265259024,7.399851464632459e-05,-0.002061438006994244,0.0,5.54847161461981e-05,0.0,5.4349797042571135e-05
87,0.018396208082274063,-0.006582812693017274,0.016816217802693694,0.024159698606058416,-0.00900353851925619,0.0067195259925811966,-0.003465744379138334,0.01884915596652378,0.01817476494365668,0.06676468269835208,0.01160080214766026,0.006207424263492707,0.0016871187719749482,-0.011684458035614532,-0.01201401916501161,-0.0001635887953483445,-0.0005174105469171209,-5.5028960411891416e-05,-0.023773069837086165,-0.026743663585497734,-1.6439553766388562e-05,0.06416981275548549,0.07497752856514894,0.0006176404276320183,0.015746429151353016,0.06099329380984862,-0.0010688660376422757,-0.015706452248134238,0.0018134464480857677,0.0018436065066336693,0.0009073306228337547,0.002180006145109873,0.00018505951869958806,0.00011539712367385626,0.00863664766922487,0.0,4.653268445450675e-05,0.0,0.00027630685992380695
88,0.013793200250350666,-0.002175475904361158,0.0165762047428165,0.025743817229096615,-0.00018132498182807806,0.001747086202843768,-0.004231349941925457,0.016957650513042787,0.015508575483881076,0.060714184783342444,0.00872840756221702,0.007550634472645317,0.0017163585937413424,0.03164682463473019,0.03628561803268593,0.0009521682293280808,0.001077093650841304,0.0028242025645892664,-0.02432335868206834,-0.02585568176665658,0.0004513998960555658,0.04816760499395059,0.05326771543335533,0.0008252948141432612,0.01137668175089293,0.05300073256057143,-0.0007838602737592206,-0.013717418659626102,0.0016768631643607783,0.0016165532845602286,0.0004531974297184067,0.0022559774027614797,-0.0005795254955560153,4.5448862665825116e-05,0.007886436116540245,0.0,5.285601081420147e-05,0.0,0.00019171406040533964
89,-0.018576890294144725,-0.0023008815738162843,0.01317419847271698,0.012965874003509462,0.014048965599314222,-0.006660897653766807,0.012292799908997681,0.01045967380084643,0.009293886419828964,0.057337472442174076,0.008824237793353907,0.005293884324590005,0.001301237130721361,0.017843955195743066,0.01895574318290566,0.00012419179542217607,0.00022655379821130171,0.0008663676474184021,0.03528346742130349,0.03704049151003443,-0.00020261122609233835,0.03869563453917982,0.05512764610243691,0.0008922033798960456,-0.0011393933810713512,0.04996183575280746,-0.0007721793631646221,0.024573308679982,0.0028100591208597464,0.0019147788086737415,0.00019810739774863128,0.002278341428986501,0.00021085607509474728,-5.5498021205801495e-05,-0.001864928732979595,0.0,7.409135534192004e-05,0.0,-0.001051673138388775
90,-0.0012322032211166515,-0.0017084613816038422,0.01659047029837193,-0.008034893090727777,0.018888047055653723,0.011807212433295017,0.0074253476925504915,0.014280629256175622,0.013509049681548388,0.07016082442378387,0.01009123145801174,0.008810121498019519,0.0015336725000258127,0.026266253135383583,0.029998293505004124,0.0017302888930963156,-0.0017834620289038446,-0.0005523666557337524,-0.02237981379597997,-0.026136328733082834,0.0004316754997149317,0.05471907019469146,0.05890792220863709,0.0008826991400987279,0.008553686054276692,0.053249555736193895,-0.0009520883885942321,-0.014271610616143068,0.0011637296697808686,0.0015390046553406358,0.00032448803127467285,0.002533582870201352,0.000921156125587045,-3.1160657548192185e-05,-0.0020029718144999125,0.0,3.10794865229138e-05,0.0,0.0001591215117131725
91,0.0020905823220161075,-0.003181420530845395,0.01963301829174428,0.033939194468678144,-0.00867880158389512,0.009322510270494,-0.0015945429455514189,0.017357570575020083,0.013725951258018811,-0.08576591466635596,0.011501524598315074,-0.023632065889192165,0.0009402191145329565,0.028476247419338827,0.0317058268968314,0.0019816574091694045,-0.0010120539739426687,-0.0027218864300656374,-0.023171228157529863,-0.024275791565475578,6.348272720950144e-05,0.07511860236304484,0.07135222142737936,0.0005998622596791955,0.025765565371924364,0.060853696570405055,-0.0009035466087662892,-0.014718420068997606,0.0027558963441138735,0.0015206743884406697,-0.00027362836260719366,0.0015645703839465047,0.0031187344186487547,-9.224627328746809e-07,-0.0029721087607018594,0.0,5.9277261671181124e-05,0.0,0.00012296399915577807
92,-0.007164324700663386,-0.00524079586284065,-0.0113898414721256,-0.004939362877565826,0.06916273828718511,0.00507887294523698,-0.027224591116572223,0.010184878669387176,0.008745355675518455,0.07089612629352915,0.009821062128284234,0.004294618732864162,0.0010621145544102216,-0.010156325727333975,-0.010993519985666736,-0.003831543362343793,0.005977630100255159,0.0008179997140051902,0.05073265135851478,0.045355837066644436,-0.0017003812820040383,-0.042249509597538794,-0.08413764758517518,0.00041644227394261555,-0.003339303500152109,0.05547128293489917,-0.003188198183702698,-0.018605121591208133,-0.01062158309951664,0.000866446184302479,-0.00017707330044184981,0.0014353750449285958,-0.0004582755049648392,1.2629374185002608e-05,-0.0050203419715751565,0.0,4.571059480984205e-05,0.0,0.00024484828112382017
93,0.014882619075706562,-0.005230556040766366,-0.010235193180619192,0.03633382342677395,0.014771946407300538,-0.004850454051941154,0.008822880591264563,0.012465595248435685,0.010390668266761317,-0.0792099983274501,0.006168606345377078,-0.01694280299432963,0.001455035279779902,0.015448360628593717,0.01596801847447544,0.000244076456247645,0.0026657402796991195,-0.0020751480459623743,0.04343647054617891,0.041565024118567204,-1.1888570498693082e-05,0.03740802929429037,0.0487939029560227,0.0008731004495423897,0.0007909727416126096,0.046703200695813366,-0.0008027055515270471,0.033109093211569525,0.002455146782683877,0.001352509086933264,0.00023244500508789215,0.0018223492329797384,-0.0006798472881407864,5.947830698302001e-05,0.00880714905706513,0.0,3.2866137843908454e-05,0.0,6.685602611977384e-05
94,0.001900427771804266,-0.00459362410565296,-0.02484689533801371,-0.006906900593245595,-0.031011230410416805,-0.0010405592050956624,-0.021618625382414797,0.008233898670501538,0.006468023261902096,-0.06425462673973156,-0.0277454453682591,0.0011557225924476134,0.00043961806728176937,-0.009268891974571761,-0.009169287875777884,-0.005075712479297362,0.009138422958106787,0.006226555620710823,-0.03317187010015851,-0.03274473171658151,-0.001155414643512021,-0.05881474465471218,-0.08372674142610145,0.0002794788293532877,-0.008157155453976314,-0.07659198387602406,-0.0017001166842899945,-0.01917589420010505,0.0002681830923062257,0.0007575329643128875,-0.0011524131493605202,0.0010952458372484703,0.004687884696100093,0.00018356500665092583,-0.0032753636357959882,0.0,9.270703713132638e-06,0.0,0.00027348950218244637
95,0.012253212273440775,-0.0031703104893634473,0.017325155110924896,0.026766325700722373,0.024757797521079095,0.0022927672391607704,0.013568574711225335,0.017008422800772256,0.014537620031332011,0.060480799276357654,0.008941360762014424,0.0072050101415902686,0.0016611826623484384,0.025623879129469056,0.0294767963426507,0.001273499324318811,0.0006479934881041528,0.0012677104722855308,-0.022747770234522242,-0.025785947123404616,0.0004904563756742741,0.04311371541229781,0.049647125068375875,0.0008337596752059727,0.009330597232916491,0.04698424938359766,-0.0008294458759802907,-0.012653794619187985,0.0013094260479699494,0.0015060755899715462,0.0003274334697587141,0.002660613974751712,-0.0002517068243251173,-1.0520385081714933e-05,0.006782140333204147,0.0,3.936947304410227e-05,0.0,0.00022764428301410487
96,0.040371781966563436,-0.012496271361988612,0.026870125156385025,0.022552089386277882,-0.027528737350176583,0.005372221697790149,-0.019872676985576324,0.010110246321253853,0.009620974871093325,-0.0663214362576098,0.011025184480493219,-0.008789464014605602,0.0005324196391858252,-0.010264220695288533,-0.011317672214298096,-0.0036058269392321343,-0.0053733851770119915,-0.0015579800636393946,-0.03417662941253206,-0.03197439376775043,-0.0011016373942109058,-0.05356454302764286,-0.07747445912533253,0.00026318074340884003,-0.007583238550146476,-0.07948559227128647,-0.001726699375988134,-0.01776453370724353,0.0003496763854685926,0.0007854536680850482,-0.00020500188511572758,0.0010856701355943634,-0.0020720274479634412,0.0009183553127678813,-0.004123059026827438,0.0,-0.0002100537097139829,0.0,0.0001379846900508248
97,0.0224362401811293,-0.0023075385200644447,-0.01789623279380854,0.016220424579690047,0.054094289629295536,0.006194970084668055,-0.022991567996551027,0.010716669028367263,0.0087407221624508,0.07193984067307904,0.008536499330213543,0.003827836708200851,0.0010739315926646248,-0.010073135815671822,-0.01041432847253703,-0.003635335504619473,0.004763910051451035,0.0003442711470899593,0.05200478334182167,0.050248790315634416,-0.002236535680535042,-0.035703387955447155,-0.07523874314736809,0.0003734910301637173,-0.0029869665219145907,0.05630691460181028,-0.002807399880343939,-0.01824205940668791,-0.008757283657765217,0.0008850021684948249,-9.55015187374504e-07,0.0014255894488187557,0.0008755867451301004,0.00010107431870681147,-0.005091537579427014,0.0,-0.0008364608402358921,0.0,0.00025002313648059624
98,0.012015166159371815,-0.0005555113147492144,0.009668797395511625,0.021958241766275723,0.022135225934087618,0.003695141912802345,0.018007660538683336,0.011847085868893298,0.009441589188703284,0.04502920022372609,0.0076697168453385076,0.004543823794853008,0.0015179616486927158,-0.006086892483524297,-0.006408531164330694,-0.0003829106770676864,0.0011967145938384528,-0.002096212051373422,0.04053285933954196,0.03958085990824334,-0.00015046497283078167,0.036173636081733296,0.051177642737256626,0.0007633012385752673,-0.0007259121905738376,0.05222245636897869,-0.0008526716582019525,0.026994439982544756,0.003128892894398612,0.001399672460591295,0.0004935883902456251,0.0022237792564471863,0.00035609515904084664,6.688665966814939e-05,0.008464876323048032,0.0,0.00010318443993402859,0.0,9.862420006445389e-06
99,0.01745141203594692,-0.003930781764384745,0.012170016530495547,0.03097968538898666,-0.013990257591496271,0.0033807394992465454,-0.008195499346835807,0.010617259277317421,0.010671302110509756,-0.07511360005012724,0.00918782352264471,-0.017512331775960698,0.0012190521430170854,-0.0058729386866229446,-0.006336071995624514,-0.00043117703718256864,-0.0024763860103840843,-0.0012514205502003283,0.04520382796921739,0.04685359900699383,-0.00037763660520921785,0.05440883862699248,0.06895805122471069,0.0005155969794145741,-0.0001337112556606795,0.05568727710741001,-0.0008788499129686183,0.03790828135620575,0.006096913257751429,0.0014321581221743722,-4.787210253335247e-05,0.001542026959761257,0.0008800039332148984,0.00010807631066661986,0.012474107553160673,0.0,4.4186613076886865e-05,0.0,0.00015300949510146675
100,-0.017653191682664854,0.028049756518714906,0.023151007893276114,0.010433101662873286,-0.03346296078876114,-0.018464660753191916,-0.018542334240800363,0.010110066903209557,0.010607240610335434,0.07192224699616301,0.011853664985618908,0.004206770281902738,0.0005198290810478033,-0.01318543378131696,-0.016039449345478237,-0.0035275705924389567,0.006883233892485229,0.0020081627243788967,-0.03060464104852255,-0.03342094551487881,-0.0013811427148774636,-0.060428213478892004,-0.09076389188635689,0.0002484604623755357,-0.008475255628901206,-0.09314862518239209,-0.0017304726033360563,-0.015806150819814603,0.0005267560547056609,0.0009417958028481971,0.0050984770324663045,0.0010874596434690368,-0.0024390343589201667,2.682595464961385e-05,-0.003082883937885499,0.0,1.0106769280096474e-05,0.0,0.00037859205434743776
101,0.017246751473130387,-0.0013446798573811102,0.013431389651692055,0.021703247928207058,-0.013112464710878655,0.00417119365835398,-0.010394375712345194,0.010836526095076139,0.011355840437984818,0.052149913251414,0.010878562955943112,0.004849973160702967,0.0014157159466532511,-0.006508817855772169,-0.0065116192246149705,0.0002270278039446348,-0.0003573595108404344,0.0005760200527411561,0.04093433794888972,0.04432078032153726,-0.00035358060485528406,0.04639159028672223,0.06659390581644718,0.0006123871741727083,-0.0018808230583742137,0.058708513941930246,-0.0008518395120319106,0.03055523877817515,0.005895610549106608,0.0014397421509744267,0.0004682449803309829,0.0019650597332752477,0.0021671468044721976,3.5813546490572675e-05,0.0117843625862061,0.0,0.0001188730484535345,0.0,0.00018158861014687177
102,-0.0026224939121194534,4.2155881027411255e-05,0.01884550423666479,0.023255081578263524,-0.008458664481508445,0.010893390386712531,0.00018481662005264334,0.01758673416362922,0.018738506955720022,0.073347623919805,0.013479965000813575,0.006694721661396228,0.0014421713508783879,-0.012727838471854346,-0.010776986576949206,0.0018980417483789413,-0.0004979813586833825,-0.00010224234812199247,-0.0220987170115331,-0.023845291865575623,-1.6238984146629227e-05,0.07757450701711771,0.08730348959588397,0.0006165769914969949,0.023001181069406147,0.06564596151010427,-0.0010818988033982782,-0.014369998154646041,0.0026067736126219373,0.001989725589793284,0.0005963640533646446,0.002203913609094864,0.000515015909737851,5.702438252828905e-05,-0.0018911892547831715,0.0,5.6514078420319414e-05,0.0,0.00016555255026753641
103,0.012212459188844246,0.0028688335192309502,0.0004576686127509096,0.03064422996951966,0.026565995485521337,-0.007438482191062175,0.01707749036441984,0.011425773678017651,0.009437983713962593,-0.06605224778577387,0.0061279250161485254,-0.017199255894872024,0.001580366590153361,0.015143705902552833,0.01663027108298504,0.00022105901252104137,0.002313802874757105,0.005517165715216939,0.04044960862498928,0.039654137285883594,0.00013662819490391069,0.042024888262727295,0.05078905630747339,0.0011271986483821458,-0.000583384975698091,0.04742309973765963,-0.0008123306207993164,0.03373513223881088,0.0025141884989710026,0.0013857460209937657,0.00012907678917373685,0.0017905399911777556,-7.686398411226604e-05,0.0001127689098448919,0.008590626283539462,0.0,3.8071156201358294e-05,0.0,8.650627149403803e-05
104,-0.01163912544301196,-0.016590526190086868,-0.026835981477157184,-0.014041660458416849,-0.02643161083208101,0.009091037347725896,-0.01868712146001533,0.009656065303551776,0.00909875463016006,0.08504981806084985,0.009604429048684636,0.0060897188979221134,0.0006139101508122585,0.02990337080680242,0.04260479906479719,0.01385324764562404,0.005920924744335138,-0.0004940118742841209,-0.03155098975365547,-0.032800911488958556,-0.0009737457566010328,-0.06194486694553698,-0.08363524693648426,0.00038472911795738653,-0.0086030770984309,-0.09230066831823226,-0.0016938554407910614,-0.017357746176083974,-0.001188370340987924,0.0007157892861103683,-0.0009313322546500472,0.001489828275050715,0.003297758041899902,-3.0456793425689693e-05,-0.003158823694096286,0.0,9.27573765182191e-06,0.0,0.00014490938814554699
105,0.034956021873070946,-0.008642188079161346,0.011339861759328256,0.021487481205402545,0.08037604278007902,0.010071318909598115,-0.019256822420171415,0.012266681531950055,0.008497515838086112,-0.0764000797169067,0.008556979471578135,0.0034715579928480053,-0.010982043304169718,0.03441674675756988,0.04059200905819957,-0.0016207582061305498,-0.003357649489496338,-0.0013617304281579629,-0.030003664365261033,-0.02592854136898241,-0.0006536200866666641,-0.04898297825345571,-0.06280043456863886,0.00046139123062359597,-0.007777886061503034,-0.07096905794036576,-0.0016525448135449809,-0.014936138132099893,-0.00073589230651045,0.0009574865495546416,-0.00012465107472936187,0.0013582021703720038,-0.001125754553636072,0.0012982445185690987,0.019731305745949806,0.0,1.1446469500281011e-05,0.0,0.00016466596822722044
106,0.01495480464222762,0.0004932442534243206,0.01297354887090119,0.02060195400952003,0.030221625063010026,0.008872341208054316,0.034954782736696915,0.013263557153486535,0.009687607609110409,0.05867425671024813,0.009199299924180724,0.004512123082812815,0.0017006725552578667,-0.004750299994612829,-0.005959437305556531,0.0021122215053702943,0.0009887232796990761,0.0006898944524801688,0.04355189440684965,0.04626272803996686,0.00534156640832621,-0.026360947277092546,0.05221505089199672,0.0015555848263069186,-0.0014161176548222495,0.05177494944896162,0.01308723869477112,-0.013767896506360821,0.004654341827614515,0.0012430414194535377,0.00017795677863422383,0.0021584752329531654,0.001443533451368165,6.422436991562172e-05,-0.0021062171107533154,0.0,5.371349959987047e-05,0.0,0.00012021759752187108
107,-0.007841749411083029,0.019914460080057962,-0.025603945644895914,-0.030350984406476923,-0.011856725589354652,0.005068258028252194,-0.0160567996889762,0.010384280181528219,0.008062902241654873,-0.07890662417878305,-0.031979747888493185,0.0045785370494186755,0.0003743112609149872,0.027861045285272803,0.032415335111140614,-0.003003857921081835,0.00833767962081467,0.0060717663586770144,-0.02828108269553254,-0.025190197572819813,-0.0008196979983179376,-0.05097801911310336,-0.06773042347389188,0.0003262695133162847,-0.007615769908249549,-0.06610880955247307,-0.0014601564125553816,-0.016425506840954934,-0.0003056574591709932,0.0010491340563378627,-0.0009910748067903658,0.001377758097141746,0.004136501780036259,5.138915042250113e-05,-0.002898173225040088,0.0,8.726473761851816e-06,0.0,0.00020639662636749728
108,0.008452950087938806,-0.0008443809640219631,-0.009264511048051653,-0.0009425884069491945,0.03406361328079219,0.002197308434682864,0.023468632548437927,0.011827569251557509,0.009346967358224276,0.04923853056729453,0.007584933664541008,0.0045082539380682934,0.0015436124526250934,-0.006271453341631055,-0.006747402788123705,-0.0007489319088622552,0.0017194011262773525,-0.0017421847080174304,0.04138180707857481,0.041540358932256355,-0.0005086164469849824,0.03633147460858905,0.056102700164287846,0.0007852559579084671,-0.000556011719484687,0.05099243007179769,-0.0009823076149999132,0.025767666388073644,0.0027087989832150954,0.0014270643842735503,0.00022434400722700422,0.0021949524488118267,0.0009048306315140842,2.9231339634108565e-05,-0.0021668425057332495,0.0,8.5615661645034e-05,0.0,9.561417739294622e-05
109,0.01754097515498429,-0.003091880129719143,0.006506829479960004,-0.001381429557751472,0.04881487398413104,0.0074384717587449856,0.0355264907936343,0.010574197300206478,0.008607014369628121,0.05991338726247569,0.009679161201593688,0.00468202084076438,0.001583775544584273,-0.0046180711242858235,-0.005937423211548712,-0.00023946225482936078,-0.0012251796753589492,0.0006759362470623627,0.04322486303092427,0.048226464266333466,0.003750169487778718,-0.026556328767480885,0.05453392923692629,0.0014806847707325497,-0.00193460729835595,0.05279704198688455,0.011919699982396344,-0.013253155809516472,0.004133935792908234,0.0012145580128351643,0.00022023286181885874,0.0019436903450815754,0.0008595137261784263,6.85055094134108e-05,0.010614788715306049,0.0,8.333573843481587e-05,0.0,6.703372078060169e-05
110,0.013557878273078427,-0.004509146164070014,0.004310189477595352,0.005710313811263387,0.029721659882419364,7.244085830919565e-05,0.019541715373005607,0.010824097896092462,0.009405766146571187,0.04786912040899356,0.008198430191706572,0.005765271144905102,0.001589370430420812,-0.005319681486763974,-0.005394222749547204,-0.0005902465176717233,-0.0006443097352764341,0.0009144294930732303,0.039427720293180896,0.04224676454713354,-0.00012008096928769021,0.03707755821891616,0.0531544942552929,0.0007311593797385109,-0.0005095334813943322,0.05005563093967062,-0.0009318271005011945,0.028258213620507504,0.0030366601863208746,0.001435596189871514,0.0006372721861259855,0.0022364922142781764,0.0009700402673293836,3.614475646482329e-05,0.008531746686867384,0.0,8.373951771731687e-05,0.0,7.959823925605882e-05
111,0.01578055312816585,-0.0008636307598906854,-0.007178613528493452,0.017679613772602975,0.04272503002010206,0.00010977890126661652,0.027281568830299523,0.009859671768031243,0.007971429959055957,0.055708842744781446,0.008744543194395733,0.0036575111635830915,0.001660003717201379,0.012008411991765233,0.016941757261201302,5.792659472292948e-05,-0.0013763250906878126,9.066680613922342e-05,0.03889148133877005,0.04438802025812613,0.0038559826251785543,-0.028724153726113758,0.04853144008034174,0.0020268067268454956,-0.002022882842860306,0.05304599624722927,0.009297582200353559,-0.013573160399583322,0.003702580179842215,0.0011685064221807011,0.0002013299746898233,0.0018689365518688055,0.0008419656373233298,5.180799757206284e-05,0.010940939733364628,0.0,9.828504109728826e-05,0.0,5.120628747278341e-05
112,0.011453140713504053,0.007487331607297437,-0.019280975640096287,0.022247509250102406,-0.012048913789608458,-0.01907995405583127,-0.002079400012114179,0.017579465542997833,0.017471424247635793,0.0684112593294691,0.011890577218853159,0.005037947664849559,0.0014157130954867763,-0.01176468645178777,-0.011782759028644712,0.001680259821430767,-0.0001229547341001288,-0.00013813482634747096,-0.024430198161749263,-0.02658218612718387,-0.0002397141903464536,0.06935047297315444,0.08507098986489357,0.0005849399723484476,0.019168320606998742,0.06115099166510828,-0.00116574082090064,-0.012895938079425084,0.0021357054539464316,0.0016114367511934602,9.514923939801916e-05,0.0019869341386838852,0.000895380622481183,6.788695410091491e-05,-0.0024380772960453955,0.0,2.6432950776130387e-05,0.0,9.72833514458117e-05
113,0.028058000695464522,-0.01489151203319867,-0.02541008605424685,0.00013011973092654704,-0.009566603296097511,-0.004116836272952344,-0.023099677172724896,0.010416557494840011,0.009895156120905557,0.06986943630329469,0.009647282465010372,0.004019370699094712,0.0005831242634052153,-0.011062931875928503,-0.015169633985449384,-0.0038724136729704197,-0.0024956197402964384,-0.0007099393399394207,-0.03611221164157256,-0.04042320590117701,-0.0014162938005006448,-0.05183566001243815,-0.084688460933838,0.00028651225347813046,-0.008818245073027071,-0.09616635197813843,-0.0018313344412400343,-0.019877209236173476,-0.0016046999102361636,0.0007003312393148998,-0.000931975973558212,0.0010724020087003242,-0.0003001396473984844,0.000293891096052266,0.022539279321740963,0.0,1.2598498655942639e-05,0.0,0.00018071013898591972
114,0.017540499051370107,-0.0010854938398023966,0.0032862819384644015,0.008213904701522685,0.04538557889630966,0.005917065572918011,0.03362967797605623,0.010927333266965114,0.00916279485830082,0.055750674409343885,0.009345559445758848,0.004301236925348517,0.0014921877351520372,-0.005477589252940691,-0.005270643240461459,-0.0003278681674762475,0.00048808756148490594,-0.0019329347260494945,0.041920664146196655,0.046883210290049715,0.004941958910769417,-0.028613498315858334,0.0545563023839241,0.0013466910704283414,-0.0015812442449318937,0.05170817212180464,0.01298359205487768,-0.013213238873667585,0.004918271565781367,0.001222198629231937,0.0001948626568314329,0.0019190694320092884,0.0003911353167206219,6.798229741742574e-05,0.008563798101973616,0.0,6.875661180321793e-05,0.0,0.00010871143327594382
115,0.03843503787497571,-0.010413962467107001,0.01293350849031946,-0.0013748308848244262,-0.01003484832920506,0.011707558350507252,-0.021106132765336728,0.010703866484001356,0.009372270303416712,-0.06424115062494354,-0.030051390411471826,0.002115976120278843,0.0005749305885612891,-0.008975451688308874,-0.011200642669604953,-0.005146356792334445,-0.003513484254581181,-0.0012616588781379854,-0.03272315504515258,-0.03200161611316851,-0.0008132765851781726,-0.05565330403856687,-0.07780864278425327,0.00029159853218359484,-0.010165645871175783,-0.07581294705761703,-0.0015377998514415263,-0.018993446171735713,0.00016186986054406486,0.0009295731445160966,-0.00044860562905472214,0.0010351396284679897,-0.0029854564678823093,0.0010431045507718472,0.021275357267657335,0.0,1.073454826339929e-05,0.0,0.0004967627453603402
116,-0.004187750144945878,-0.0018107317604414861,-0.016377800232507657,0.027826262956221367,0.01652241109390256,-0.004670303096287007,0.011197248457002451,0.012614403554086202,0.009996811150343843,-0.08021770973792168,0.007156204014925482,-0.01432591823017404,0.0011018205445354216,-0.0053588897428108635,-0.006276297314690291,-0.00012043388579908269,-0.002258604886158746,-0.0014787835336934603,0.04879422711120046,0.050658419590877427,-0.0001520665680573868,0.0447484756010753,0.06223724025526336,0.0007729448957269296,0.0009587015880745867,0.053022379199051096,-0.0009788791895273539,0.03636519767109604,0.0029373970147317133,0.001191238958637173,-0.0019094912597767933,0.0017073726885433048,-0.0009636655631313382,-3.272847883460855e-05,-0.0016719804916552456,0.0,1.7988816254182726e-05,0.0,6.981023786343374e-05
117,0.01602031813552047,-0.0010551201571304724,0.009455013304422766,0.03608548715844529,0.012475294079967525,0.005296447213182619,0.009632520474643478,0.01187296153619467,0.010091842676400136,-0.07213961766925162,0.006232908439671172,-0.01943833614598451,0.0013945306926937114,0.014496912691647592,0.01749089486309483,-3.036606186229103e-06,0.0035467136184804795,0.005817911100440543,0.03893691062780605,0.04066693649672123,6.133540428091423e-05,0.0417042067415251,0.05017759161931522,0.0009405069512844296,-0.0007008454468177209,0.04911190399836265,-0.000742678024974117,0.030159342339148656,0.0029092559529638067,0.0014996966955424977,0.0002841707090831646,0.0020705521659805807,-0.0005140625807630372,0.0001034445082589136,0.008058443139361937,0.0,7.11533156824166e-05,0.0,6.826425103969032e-05
118,-0.006179702851720055,-0.008074689028044977,-0.01700167941190842,-0.062499426061745945,-0.008008015226782747,0.009115356493241782,0.001186003502962252,0.016230355774129245,0.013703385799249757,-0.08764971315583507,0.00975159727187503,-0.022571110825544062,0.0006377353149907797,0.026411019784211082,0.028579656136126518,0.0026459110491146368,0.001325045539575493,0.016062063405405454,-0.022418724246782474,-0.021678117126704397,0.00026943431970477755,0.07729308575576364,0.0744565292188633,0.0005509474453745588,0.026279753554045274,0.056037374024881584,-0.0010382520429193078,-0.015805034549977764,0.0021214276737293054,0.0015441044882874412,0.0010765154151317767,0.0012718688621318943,-0.00017030116394479584,-5.7682562303733694e-05,-0.002757698971949634,0.0,2.4356966300927914e-05,0.0,0.00010025530875406422
119,0.035627236827502504,-0.0036989996933056556,-0.020897505609180078,0.0191287080084967,-0.031213836243542084,-0.003488377145857031,-0.019058476287682372,0.010458295430718514,0.009298203523102054,-0.06353932389967663,0.008742165654401522,-0.010510054859403612,0.0005770199374489207,-0.008528359664415973,-0.008991486413894759,0.021114951823486855,0.007383918828733566,-0.0003438034071977851,-0.03380836393440007,-0.03362280648847585,-0.001152400740954128,-0.05055371673623554,-0.07592829545059807,0.0002559086451587098,-0.0069352772624737,-0.07824348533396287,-0.0015527381223358527,-0.018090813872997612,-0.00025248941030760354,0.0008112101075379459,-0.0006058565131419198,0.001156903330068299,-0.0016623327407768675,0.0006432421828117452,0.021156445120262324,0.0,9.508041508512628e-06,0.0,0.0001489303247268754
120,0.011899555448797894,0.0029904539180079194,-0.010695611782965693,0.029943586077826673,0.027500955555599674,-0.0032781732834771273,0.01630834312877402,0.01130517989877022,0.008430505646527602,-0.0758571304440765,0.006444252569054832,0.0031895306656280703,-0.02509165806631091,0.015139207404770405,0.01730237815892203,0.0015790718013943142,-0.00196954445873356,-0.001967094974682877,0.04248780490298448,0.04626844807530154,-1.8641432772478044e-06,0.041850587911506844,0.051365357650330457,0.0010014466957616666,-0.0003909955428459928,0.049013252499954814,-0.0007828795136529664,0.03379603424649492,0.002826929882869802,0.0011382334439009086,-0.00017670430738442983,0.0017254714712972403,-0.0005242344076965132,8.073758445697238e-05,-0.0016390425509537078,0.0,-0.0007728940170280597,0.0,7.835617185537048e-05
121,0.0013202692843815658,-0.0004683919358437792,-0.014617948661858234,0.02024895813608202,0.015623098106141495,0.001516681534985299,0.010927554015542167,0.011718086189270158,0.009752700317531218,0.050249402355428546,0.008177868417902846,0.004304973661775832,0.0014689876436196673,0.018817674421684454,0.020242329381501476,-0.00031625756269899554,0.0018039514595736047,0.00010642769132171723,0.037163238068382835,0.03877355611015252,-0.00029711716016078373,0.038767224892794064,0.052068986966856315,0.0008595729844174835,-0.00097479725106832,0.052268212795839146,-0.0007678701102706066,0.025519232168646242,0.0029230898242624316,0.0014215665647344389,0.00043469393169870993,0.0022649655647625066,0.0005796356102501997,-5.6699124848745e-05,-0.0018626730778206237,0.0,4.161537996049341e-05,0.0,8.499683037059547e-05
122,0.012907001871194238,0.0015716336239025978,0.007863946654240362,0.021085624750576546,0.02602575584974265,0.004051994232227691,0.019419693653301626,0.011876189201898332,0.009449777957139022,0.04360413701600612,0.00768839931900956,0.004347762214071543,0.0015643725654526817,-0.005844375101810555,-0.006230711729017503,-0.0003619402187012738,0.0011226965870373051,-0.002003322621405556,0.0400681788866809,0.040044118719285704,-0.00015253745222458507,0.03620095641040941,0.051831424930863165,0.0007155917259263196,-0.0006806902457069573,0.05130878987051155,-0.0008546471909470011,0.027277077083361766,0.0030355103429630594,0.0013533147258141419,0.0004618580987752573,0.0022646312762519437,0.0003899769240730415,5.1005771175508045e-05,0.008233489314771742,0.0,8.600533771926781e-05,0.0,9.961873588344109e-05
123,0.01474883153180132,-0.006127161301526094,-0.01120372550351681,0.022789750636554196,-0.015577843378594552,-0.0024144129863103987,-0.011943542679071039,0.011455057637893862,0.011413851974095918,0.049068534848555286,0.009878865304169638,0.0038011484033770447,0.0013510424804349694,-0.006919034200770353,-0.007903793466381778,-2.7974387311450578e-05,0.0003432360286604032,-0.0009286913344162871,0.04302112103257252,0.043987566412510795,-0.00047708820553288755,0.04883769451522964,0.06859267409380009,0.0005674408008319946,-0.0005896757735726266,0.0603769409239102,-0.0008300112367508063,0.03224867831918257,0.005054651919920704,0.0013774193984160555,0.00024811297817980965,0.0018191441465839544,0.0024652312061027187,1.1971857015600977e-05,-0.00320077065117074,0.0,-0.0007470279258055151,0.0,0.0001783529184674643
124,0.013885889982007321,0.00022798242195085078,-0.016306675956216696,0.021142962286389115,0.018712643452301583,-0.0023085534556379736,0.014157559474953738,0.010580638337952487,0.008882524927168482,0.051780721622507214,0.007515018034100248,0.004501791729769714,0.001536758928659969,0.01504359731013925,0.016984890388209165,4.423252396246162e-06,-0.0008360939296337328,-0.00031305035092173703,0.03535485927170456,0.03708054940561047,-0.0001797122740661765,0.0346090689504059,0.04817545804541742,0.0008573416025125624,-0.0008191718161038432,0.050526409938705774,-0.00072755504563212,0.02442973048621822,0.002705877914783648,0.0013355170333587427,0.0007556137059175072,0.002120552991922493,0.0008392772403129353,2.444633556457462e-05,0.008728899709191142,0.0,7.477148287496387e-05,0.0,7.058471306244408e-05
125,0.0103425473488232,-0.00024109058200046153,-0.011342628346860121,0.019335297913884143,0.04623116834445152,-0.0012908877465798137,0.03871476733114559,0.010954618901161586,0.008911863821636883,0.055305631702256074,0.008884595632542052,0.003326825546895156,0.0018700196694627074,-0.004919440720873075,-0.00530691375668378,0.0036519285322306055,0.00229607787272975,0.000364283665298716,0.04481347045548736,0.049287826306842294,0.004994762055139591,-0.025834684710090056,0.05483848816091502,0.0015280880389527216,-0.0011753530010626776,0.05484377504493843,0.01401914467869608,-0.014791146347258057,0.0035063966733945916,0.0011576171830868258,-3.898301327448344e-05,0.001936898577487551,0.0001756133243183518,3.8740865344040115e-05,-0.0019535195722040558,0.0,6.026125687073707e-05,0.0,7.62897956623413e-05
126,0.014878532010017535,-0.0021900871205002325,-0.012499993015916946,0.02009696749610245,-0.014024147859453863,-0.0032432279448447524,-0.008918256865844356,0.01100257729720898,0.010624510712727324,0.05408139502657495,0.009403711122992296,0.004014722209121128,0.0014446118138247066,0.01760808834118254,0.019153942088988993,0.0008815595908234163,0.000768040548064802,0.00012273966813423825,0.036375023703175136,0.03938611653366727,-0.00027860982997343165,0.043707731215581434,0.057912213715040926,0.0007613010389882065,-0.0013164304983588233,0.05367019205109497,-0.0007314477391323502,0.0282100584260321,0.004718666739986625,0.001304464402317647,0.000371023957776454,0.001779867450543101,0.0015307332457617643,-1.7013055860309486e-05,0.00868205452339689,0.0,4.945091060476578e-05,0.0,0.0001407710783930557
127,-0.0034191941056132104,-0.0031183113352391723,0.007274719481330167,0.021548083786059255,0.030000661859498796,0.0051213509423396735,0.021690381299836223,0.011621963596748434,0.009552837709156797,0.04925651028911183,0.009311620363546054,0.00477944024871712,0.001499882915469328,-0.006111547851452226,-0.005938701599609177,-0.0001695754161479347,-0.00011594573440115537,0.0008812699650887305,0.03960573181476158,0.03944201553575549,-0.0002707947871731004,0.03848772888905261,0.056835302727153814,0.0007651307479861029,-0.0010503641075699152,0.04970639306951525,-0.000971323534986412,0.024766271523264622,0.003198564953607682,0.0013726109240766672,0.00035261585721141554,0.002363902341353843,-3.915912235088442e-05,-4.4762343694664596e-05,-0.00166837904666356,0.0,7.930031171729323e-05,0.0,9.913064395976535e-05
128,0.014771495588054705,-3.0123137625847567e-05,0.006066038138819094,0.03031908516783513,-0.00900636353978115,-0.011104093452930723,-0.001962034314116934,0.016835191269444473,0.013492071939512129,-0.08080747582367294,0.00956558450511218,-0.020444854044073795,0.0011389205051743664,0.02666177414070201,0.032782655026317685,0.002394774073392994,-0.0013042946031461364,-0.002422478731436172,-0.0259001720848375,-0.025327325523944396,-0.0001211939193699659,0.068625304598029,0.07075969193609181,0.0005227579941731609,0.021451508219454612,0.058912604176553855,-0.0008616400622749413,-0.015871310353474388,0.0024007781897194607,0.0013837575517203955,9.341338567713382e-05,0.0012941606053838651,-0.0006765237471340303,0.00014101742302222544,-0.002871821162298704,0.0,-0.0008259461159379901,0.0,0.0001546813936672324
129,-0.0024011572703331627,0.0018009667183423888,0.005560393463344617,0.014888879937999054,0.023458337834712593,-0.006990719991603697,0.014779873641783486,0.010095069282108191,0.008975521814109037,0.04910890059820282,0.008226267672431599,0.004618948878138262,0.0014448484322942582,0.01740884036292432,0.018135637161589144,-0.00018893119364159344,0.0006534527360462488,-0.0017538301946473818,0.036026785643096894,0.03683697708656742,-5.338306416300627e-05,0.03984517126425556,0.051731404598410365,0.0008995759159223469,-0.0012098908156806755,0.05099113965211724,-0.0008309346183866053,0.02642250768973085,0.0031531870555021346,0.0013305080319823703,0.0007796707150421699,0.0023538187607799947,0.00044427953930927904,-1.756506075629421e-05,-0.001725891144505912,0.0,7.264448582518579e-05,0.0,0.00010664072826147941
130,0.016986253491000497,-0.0027139683616966156,0.01069187069411405,0.022252536730811758,-0.012918495831338077,0.005224765758611754,-0.016451124519208615,0.010957885596814767,0.012199852631266744,0.05239182394178801,0.0106320573015523,0.0048115220406152485,0.0014117899568955607,-0.006705546698812136,-0.006471167235591331,9.271166938365103e-05,-0.00030325046093761563,0.0007308935238541283,0.042437939315373915,0.045427061102730155,-0.00018673086673897955,0.04340596495782112,0.0642739086205357,0.000616853801412173,-0.0013608893482636004,0.05754495681587772,-0.0008582823990909735,0.02919023650770954,0.005864382599627585,0.0014492904985143411,0.00044478325414237617,0.002016218046849691,0.0021334423084232606,3.942383148084558e-05,0.010841615943269692,0.0,0.00010926233193014152,0.0,0.00019767972834113407
131,-0.022744109503142058,-0.009320272003412997,0.005766704362367126,-0.02839167164999959,-0.026206645923731148,0.0014084890090643155,-0.014888821887650538,0.009247492122396403,0.009411292300125638,-0.0714845923405296,0.00746862179545037,-0.015326144688879051,0.00046015893460968056,-0.007278019111110963,-0.00805899448316218,0.022073851468452404,0.009791673198039497,-0.0009812209100463867,-0.029834767481187616,-0.02703328109326369,-0.0010151332121971092,-0.054153137815622254,-0.06952190599986963,0.00019995815728585212,-0.007438879539040649,-0.062226368114683274,-0.0017848207726891268,-0.018045498129858346,0.00042452063674759303,0.0008964963604878012,0.002544015033849434,0.0012491742498635583,-0.0015674414228443137,1.7804482539917984e-05,-0.004140630859714242,0.0,7.440550032842613e-06,0.0,0.00033702030784303036
132,-0.011412401717442379,-0.010856217949556895,0.008262079173350999,-0.0014529556933860273,-0.02073179047019297,-0.00995835416282613,-0.019327155656364635,-0.028473762136731015,-0.0244220682771367,-0.06304957171714867,0.007874754648491706,-0.00980474488499611,0.00035782178300088237,-0.009758805708695613,-0.01073480432526404,-0.003750395363544849,-0.00199499148928808,-0.0012496640144816745,-0.03496689776167255,-0.034934453707238945,-0.001058078906760027,-0.05071836026958159,-0.0734078935337379,0.00016231877335823184,-0.007637883676046588,-0.06894362332054552,-0.0017693312804419065,-0.020325314490476202,0.0003362656884404431,-0.008274910091499253,-0.001341729304032924,0.0009405882998392255,-0.0025927698109665565,-0.0001877125862393022,-0.004660283289051477,0.0,8.072299388817916e-06,0.0,6.495489130599394e-05
133,0.01822541828969243,-0.00803688227588355,-0.009931683308024592,-0.008985211419789814,-0.022226648995268765,0.011570384339828812,-0.023558854755932675,0.018857669416996608,0.018229415693600672,-0.07966288208335269,0.00627960572239225,-0.01914956188631771,0.001032014584800322,-0.010678081427113986,-0.010677167706276098,-0.0014697232915444045,0.00010207214405911164,-0.0026394061252757173,-0.031191971420452488,-0.03292459747595101,0.00026517306735693205,0.059789858249848366,0.06321992627718079,0.00046278990654134017,0.015876927021896144,0.05182081568679524,-0.0013222142773825266,-0.018243241907229604,0.0019950780227639448,0.0016428603554964434,-0.00020127215257517033,0.0016283753768514654,0.0065663359432753705,0.0002235801198486983,-0.003267082348246694,0.0,2.2406200655663162e-05,0.0,0.00010179485860296967
134,-0.004562882484680179,0.002165236148624582,-0.016244511721384938,0.02150786925490577,0.0035385295501034193,0.0037240470060012137,0.008411178162243346,0.012282432146390118,0.011176093071121121,0.052530388863064575,0.008629192660647447,0.0038622409286721377,0.0016013276214418895,-0.007250953398557835,-0.006979473800070001,0.005578048205175972,0.0015584694268803664,0.0007098207071758191,0.04226566414264042,0.043786011154490316,-0.000377600583736005,0.039028904245025406,0.05575233442297674,0.0006750752208821212,-0.00029520313081625487,0.051592827629532996,-0.0008807919873704601,0.02885154464487142,0.0028171493198401064,0.0013034724160369303,0.0003302267740046692,0.0022053268138846425,-0.00027105357481468836,-3.5763060917643816e-05,-0.0022382910042526728,0.0,3.354522586036538e-05,0.0,9.894425035847896e-05
135,-0.021881635984960207,-0.01485059236583554,-0.022468395264840995,-0.006810639248308446,-0.028667204504310897,0.005996836665579548,-0.01985559222537934,0.008161724459005804,0.0071172683371309485,-0.07232037902918774,0.007414673387162406,-0.009851336553716384,0.0004512529173535723,-0.008880235398524011,-0.009809541552955962,-0.00484064781157592,-0.003767748796676832,-0.0013829497233476364,-0.034276988055061325,-0.03292000572208293,-0.001265082985719609,-0.06132717613781508,-0.0857827081157183,0.00024154026154180335,-0.009270392868966188,-0.08061002919794122,-0.001851573817988572,-0.018695919869773887,0.00041717722812046416,0.0007365635330822706,0.003635513783643738,0.0007693304697347536,-0.0010780417066484445,3.0218762564097846e-05,-0.004782762765563125,0.0,9.591406376363336e-06,0.0,9.387382770717938e-05
136,0.030850640050751166,-0.010116421518211877,-0.025641850237170073,-0.030093508853676704,-0.030533954135755673,-7.82498181967269e-05,-0.015344393837366566,0.009659779243696235,0.007594248402086534,-0.07234701078040547,0.006401672347468453,-0.014629715534166508,0.0004443103289004577,0.02503494212037895,0.027170110895316717,0.016607747824156714,0.008324953159404328,-0.0009574779801261582,-0.028938386740637832,-0.02702261335026656,-0.0009888279384670776,-0.05470295636307002,-0.06295150966340904,0.0003673775577534978,-0.009675973173544015,-0.06824367376135816,-0.0014550990165158755,-0.01715882242782385,-0.0004065695491455808,0.0007411553645104802,-0.0007840380687980513,0.0009224914843414757,0.0047467064877344135,0.000363975962570486,-0.003919871246064208,0.0,8.253728185620754e-06,0.0,0.00026612947249525883
137,0.020193232319925307,0.005169876296099904,0.006529754456457659,0.02670541504096562,-0.014464447921985136,0.001210917659913767,-0.01149230347460425,0.00905191106885159,0.009618137060739615,-0.07186622157758994,-0.04239114169911005,0.0024000252061986173,0.0011258104994787354,-0.006354609274287402,-0.006208349243302262,-0.0003328361810818686,-0.0032522782426013803,-0.0016982172335031722,0.044924532385711924,0.04800009197425004,-0.00013712643331271346,0.057461362751459265,0.06961586050049516,0.0005764882217721191,-0.0015746103275833083,0.054417399020265406,-0.000750535028083688,0.04380289480221138,0.005153370216892613,0.0014297460997010323,-0.00042918338510199134,0.0016019674838924534,0.0008396861372494891,8.70078192817016e-05,0.013031494274866974,0.0,5.9524105419549305e-05,0.0,0.00017698129261964032
138,0.012303332125408297,0.014378630841485242,-0.012248976349424975,0.018983582337483616,-9.328790397312604e-06,-0.008562417592036358,0.0014621975635903232,-0.06558813647926778,-0.06548121624353524,0.06510675390639706,0.006337763388911906,0.005254721601762034,0.0010962221352827043,-0.012661561671955656,-0.013412244715857833,0.0006298291200031932,-0.0011638268551083276,-0.00041983887555424034,-0.04011600598079395,-0.04232385836473674,-0.0004818581942052613,0.0343101960365376,0.0477043407755285,0.0003692319782988865,0.002825810154218871,0.04759703809636084,-0.001082466472014673,-0.025586225854194747,0.0005812082481222512,0.0012392948362647343,-0.00019258477196232733,0.0023081680302005836,-0.0014254970367809617,0.001381112339375147,-0.003152827923864173,0.0,-5.886442768898183e-06,0.0,4.8876864400276554e-05
139,0.013315667792985387,0.0008296385796535776,-0.013378769573158958,0.019547369980419605,0.03394542610744161,-0.002054139156537641,0.027030600666209905,0.012449903264637973,0.009776234406460759,0.04654229790199645,0.007420072026769435,0.0034448573325416075,0.0017224467480525228,-0.0052454171437849445,-0.005363265286194884,0.001606027478934141,0.0004694966153179592,0.0004303539213326683,0.04098545401721364,0.042518104764532716,-0.00030030486208419666,0.03126910366732739,0.05045382838279274,0.0007697166132514659,-2.372000897407773e-05,0.050917600036204595,-0.000976710467476963,0.026033891704291063,0.0024254114239320975,0.0013153613264800664,0.00042393848216429135,0.0020610749097073095,0.0009004053032670487,-3.0450930966074228e-05,0.00801026343856531,0.0,5.1391307979351355e-05,0.0,6.987088369730677e-05
140,0.022280998738596042,-0.006176753224626953,-0.026765380322514364,-0.02916904761523505,-0.025535216760358984,0.000503099507447782,-0.016509342099830387,0.008659222325457567,0.006281451786342463,-0.07741279133416323,0.00773511198910089,-0.01318700619848832,0.0003944733669911957,0.027346261118867198,0.03372702695027903,-0.0033787400991274275,-0.004471731539984106,-0.0016355318898136045,-0.02937729648123916,-0.027037428446043583,-0.0010050843015598071,-0.055004863242630646,-0.06688202542438086,0.0003993243623360807,-0.008747793397605761,-0.07134782584881494,-0.0015259733459535598,-0.01716006870392633,-0.0005775304642859334,0.0006995771891771937,-0.0008143376328524938,0.0009091018128579916,0.004181745735786594,0.0005327713061241504,-0.004264932141032157,0.0,9.047950500228435e-06,0.0,0.00027638610746549
141,0.010146085720990244,-0.0023048259269988886,0.006138828565853836,-0.02628041976645909,-0.0046087640524239805,-0.010034663414103123,-0.02248174107568382,-0.03679122306202343,-0.032818505441411065,0.07520192121643417,0.00904602046730541,0.0049436065829056896,0.00034709596674249016,-0.008912965142905177,-0.01003050907616546,-0.00023232126276835757,-0.0018339866135371238,-0.00020848350091902677,0.05380208191479937,0.05590294463892841,-0.001780462240772322,-0.03348618194336402,-0.05923175635743482,0.00024504956813920566,-0.002549406223023974,0.0532857978691166,-0.002749449265057562,-0.01972521856607677,-0.00928814148835062,0.0008479820372022301,-0.0006744411420673023,-0.013321188044929166,-0.0013064223094556107,-0.0004302160764804629,-0.006602404709605443,0.0,3.1811009195690614e-05,0.0,6.872265153588266e-05
142,-0.014744381112907844,-0.001590339807336369,-0.01574370139786817,-0.003816187441887516,0.0390108945654588,0.003552685459311236,0.02641166131303738,0.0121098964088642,0.01010230456434399,0.051298617222172015,0.008395168013080432,0.004511141193898594,0.0014160515737049535,-0.006116110127609863,-0.005731397697856189,0.0032078055586484623,-0.00013597824427651075,0.0006343912102110537,0.03673805186875368,0.03681966240317503,-0.00032849117024840623,0.033668662209852845,0.05405066877449456,0.0007188270341263773,-0.00023838874310885876,0.0476198814745645,-0.0009797153136868995,0.022083559086935142,0.002404259278485292,0.0013205163760262673,-0.001860667337686972,0.0020604501890181147,0.0004124682494121113,-6.600294845808537e-05,-0.0021192465099169992,0.0,3.9679809585515554e-05,0.0,-4.163981104568578e-05
143,-0.018843297726032496,0.02091424742201223,-0.019279057288317927,-0.025725982586148142,-0.023558896493659727,-0.0004822205679170598,-0.015886635831759255,-0.030574921391388947,-0.025947400492450277,-0.06776697812285548,0.00700198136342873,-0.010270990707613574,0.0002805448702786223,-0.00957712488245697,-0.009260601361810101,-0.0035045668073663445,-0.00203648129377864,-0.0009149158908197491,-0.0324835966040925,-0.029265390697383067,-0.0012787656377224019,-0.04372414733709366,-0.06410918214805905,0.00013668527991010475,-0.0073419814074808425,-0.06051076935193659,-0.001776766322328989,-0.017342772671458,0.0002525917983092809,0.0008504650113949399,-0.0020595039871184437,0.0007638854827164923,-0.0021060763322965997,-0.0002507340464269334,-0.004812459770533271,0.0,5.301811154006352e-06,0.0,0.00023492714402689082
144,-0.02185848910771344,-0.0024938965520648984,-0.01921252704004624,0.013594913990245226,0.02322102589221535,-0.0032263294519567706,0.016296773010679885,0.012112925860767232,0.009781016347478138,0.057154041984134325,0.008874063538583814,0.004340195936323944,0.0013546470412916646,-0.0061110520702131604,-0.00619383070931092,-0.0004921745370280959,0.0010650864038639803,0.0011096237482520505,0.04333584132107779,0.04131335432290246,-0.0003797182225182406,0.03843026261453038,0.059771335307102186,0.0007043562299551022,-0.0005216813248326028,0.053337705203562125,-0.0010736355025766254,0.025514285558461473,0.0027758581909839717,0.0015722255775645587,0.0004098367921289644,0.0020607084110163196,0.00031372625442628767,-5.5512774476283106e-05,-0.0020735980916249046,0.0,5.989980163142715e-05,0.0,-0.0009468117175544128
145,-0.024325696298978423,-0.009636742686312056,-0.014450840371022967,-0.07443825753042231,0.03769191414331219,-0.004539294690424859,0.019475517708981094,0.016915025284593373,0.01566191226196793,-0.09418174566735832,0.005981814983907462,-0.024070530959592645,0.0009557373557576042,-0.007243269546748751,-0.0074714863358841975,-0.0024629105082663257,9.055957914112728e-05,-0.0028049128776478525,-0.033428589931860785,-0.02816575201730895,0.00010660500819320676,0.04852501721029829,0.05521577776515107,0.0006583116569808677,0.01101316000015363,0.04253894918236337,-0.0013859399521332126,-0.018139868754987007,0.0009269024080100783,0.0016293668396957838,0.00013179839202263,0.001622134363567214,-0.0007595793421721915,3.435923867256677e-06,-0.003461848510922676,0.0,1.4134719520554761e-05,0.0,-1.7562791675057106e-05
146,0.007838995426264869,-0.0023129437712914526,-0.01660208245004514,0.019984590905689062,0.022111260986935888,-0.004669200141664796,0.01689719162860252,0.011986249876629983,0.009795460644978068,0.052810012292119686,0.008088595588594046,0.004264579940958374,0.0014785588141290286,-0.006252271244225209,-0.0066732791710951015,-0.0003339241473742125,-0.0004641749546576001,0.0005174057461096234,0.042268644096785934,0.04196111820705524,-0.00042187943302495216,0.03521076872498766,0.05500927501125756,0.0007178792990723788,0.0003943123812891233,0.05033612514386874,-0.0010712999380839126,0.026512553335183285,0.002804596131362029,0.0012858593707846875,0.0004665248755818326,0.0021861314917923373,0.0002544664099522501,-3.840500597919048e-06,-0.0022403657902631963,0.0,5.63020497654355e-05,0.0,6.680774373428106e-05
147,0.018891416743396353,-0.0026097891927366057,0.005473809210736201,-0.010951129000906253,-0.01842306257870487,0.012412460747748169,-0.024651944164326568,0.018853840774386437,0.01968255482389133,0.06596190074242747,0.009160523813138411,0.008713938323072814,0.001301551671302574,-0.012311774489878215,-0.012490663862112481,0.0012630262615911723,0.0010123601502459263,-0.00035472655111321407,-0.027929640681141905,-0.03203897929131706,0.00026895445520425066,0.04948476190492378,0.059671131005284005,0.0005694157970866901,0.01288197078144682,0.05504235381845589,-0.00125509056884393,-0.016938024075955568,0.0014203545746101984,0.0017847508563444744,-8.23907058908905e-05,0.0020607522632770936,-0.0004422874211219392,-3.78489680870199e-07,0.009499173991529199,0.0,1.2440600386019556e-06,0.0,0.00029617670668054345
148,0.035782473174829785,-0.006390473978139295,0.01633182993642538,0.0015504612326566304,-0.022431962394762413,0.00582687632443879,-0.019358712695788902,-0.03140340049895183,-0.028055598899766505,-0.06280832288545325,0.008245673179617628,-0.008770256823275714,0.00041264403522175036,-0.009436255309494249,-0.010573137983741711,-0.003994630333983177,-0.0036688741854367856,-0.00130465122225755,-0.032319108620415204,-0.03336217466298388,-0.001044896715426795,-0.04996244359931985,-0.06826942895569457,0.00018666375911751575,-0.007671711822672564,-0.0691439782737407,-0.001668634371645908,-0.019228054057565433,0.000300196135264812,0.0009510606125739936,-0.0008250511860059318,0.000804305728207788,-0.003124438829202879,-0.0026116406871560384,-0.00447518129788897,0.0,7.568335914372286e-06,0.0,0.00041419486725113543
149,0.01291582299264099,-0.004213571823212293,0.003403878612803249,0.025784217715687095,0.0016959703482218866,-0.012946924389236694,-0.004942818006831884,0.01947760951246859,0.01668762511492657,0.06609865598755547,0.008527665522150948,0.006198674890628075,0.0015364235273758117,-0.01350949128132198,-0.015547027173749608,7.056298550639561e-07,-0.0007388274268111475,0.0002570095425957277,-0.034117194673413065,-0.03434010973770746,-0.0002376993827044376,0.04705924801501113,0.05732698682870598,0.0006278155564688223,0.008535640146422852,0.05292910429296028,-0.0012286912202975056,-0.018366024914528913,0.0007865041490455123,0.001705521551830578,0.0003002342384165997,0.0026682128773216603,-0.0010033632210433702,4.704469416030642e-05,0.00976579726709373,0.0,2.6226401049738493e-05,0.0,0.0001299830317186043
150,-0.014663280206390645,-0.012135886232886877,0.00778514079273876,-0.012761132619262901,-0.026996228827847964,0.0025956056397713548,-0.01998378754568333,-0.0347416842629609,-0.031057302991314085,0.07723971139999522,0.01068425182022178,0.005288229047405251,0.0003611316228696597,-0.011508736056180267,-0.014238229240614362,-0.00402711767023913,-0.0035571165966651113,-0.0005791776595709532,-0.03219748909112829,-0.035015625718192896,-0.001267867804276868,-0.050079670808532505,-0.07507202055332696,0.0001421178928403096,-0.006581549123674359,-0.07641119960566758,-0.0018261156095335422,-0.019759499836041253,-0.00013190002044592616,-0.010167571932504029,-0.0025707809298013305,0.0012641034967037772,-0.002203382170267334,-0.0004921072144533927,-0.004262161927515936,0.0,3.801373609636155e-06,0.0,0.00015798927256336482
151,-0.007711634876377602,-0.003975007639087353,0.0071705931436332575,-0.05737580975266035,-0.018714678785294297,-0.0075272356978304325,-0.022882693553490922,0.017526148370426684,0.018725903205758895,0.0782259366764044,0.009342472081044823,0.009227985156464759,0.0008912664962512937,-0.013402911992766121,-0.012273347918051727,-0.004963548084065729,0.0008610133557395121,-0.0006669920494740266,-0.03083277314151538,-0.027318558174591227,0.00018591098496317505,0.05324337350690939,0.05895485812768319,0.0005918860802656187,0.00940311890911139,0.05253935936396531,-0.0013459016465722034,-0.01603574946384414,0.0014064630631621905,0.0016131203025994997,0.0007579318021662591,0.001892041629283366,-0.00012511906321397543,-9.221797785907857e-05,-0.0022470509771839735,0.0,1.0505857317976168e-06,0.0,0.00029255731414489384
152,-0.002235079560265584,-0.00368290576727757,-0.011453110507360082,-0.0001621367984935571,0.015854393444414888,0.008966164006547409,0.010970400915578432,0.012187934863253652,0.010255415284740069,-0.08652998867137605,0.007382597569041611,-0.018174792137432696,0.0011065979375363732,-0.005685550713332365,-0.005309865788636572,0.00022283915262019137,-0.0011995160677037713,-0.0016532127967062143,0.04731065005018868,0.047122236794715985,-0.00019560674940118713,0.046433690140040146,0.061949642698791295,0.0007183866474171988,-1.0071455579384384e-05,0.050629887202905365,-0.0009421633807971016,0.0324693560784267,0.0031054963831305877,0.001332628603145206,6.21166667453915e-05,0.0019591774459845417,0.0035073858415791003,-1.2718515104771871e-05,-0.0018172410579433567,0.0,3.58716054050206e-05,0.0,5.5066346071049324e-05
153,-0.0003027417713985264,0.0064454656701283764,0.002147103960665879,0.014108681327531802,0.03639140457982941,-0.009170520849862045,0.025632506220770325,-0.04807199355651911,-0.03992683949293837,0.042413080549338955,0.007193844635471234,0.0029628856936276594,0.0008533647278917109,-0.006597744521488227,-0.006367417227935805,0.0005399273326131976,-0.0023030562898198694,-0.0023851661801602255,0.04193739120844001,0.04531056472279721,-0.00028669595889648235,0.030116328612737924,0.048290269913070095,0.0004804135806348686,0.0015005762132352363,0.04793704697060779,-0.000978354503167711,0.032185188967946955,0.0020891165821659763,0.0011711426707953078,-3.606727997747687e-05,-0.028354663176388264,-0.00022318570485209099,-0.00030921614111152607,-0.0024397430727704453,0.0,6.384173575365359e-05,0.0,8.2500870778347e-05
154,-0.01910396653008842,0.01697361952462497,0.0074134233977669155,-0.017695681741263066,-0.030149857549824955,-0.010116942993632803,-0.01789560418694071,0.008308940917674241,0.008755691041740938,-0.07299606252182889,-0.030381504742656343,0.0028180370336758076,0.0003390480473465891,-0.009408878013007424,-0.010506255995229733,-0.004167245054364729,-0.004148493529794166,-0.0011199670307029791,-0.02945876975550287,-0.027241216293839708,-0.0010218766372400232,-0.057008653398336884,-0.07730105564510772,0.00023675783591310678,-0.008391572793904668,-0.07386643066688987,-0.0016231976074075353,-0.01730194770206516,0.0007047076723581262,0.0010243206754021658,0.003397362596169756,0.0008721267545164037,-0.0016643315249192162,4.337265820700716e-05,-0.003953711919804678,0.0,7.673711807895625e-06,0.0,0.0002642689656217759
155,-0.010676583215056601,-0.008681598869054424,0.011690789370907449,-0.02667340253166859,-0.022015737118284525,-0.0066388736329280355,-0.014221514780193732,-0.025524625344420262,-0.018026515343508413,-0.0715657791873003,0.00853926773897243,-0.012581755350114982,0.0002784286135363996,0.03585710122801255,0.041794350267647044,-0.002281669330623394,-0.002379949066923956,-0.0015869723859735548,-0.030192451889881563,-0.027302491420794134,-0.0007818051306238078,-0.05287637891164347,-0.06453208763819865,0.0002670030250973627,-0.007872374206702093,-0.06453437570098755,-0.0014905737983269916,-0.018256249046123954,-0.00018244142284352605,0.0007548508804314884,-0.0011055400133724578,-0.007522946337428314,-0.0014799138903471981,-0.0002002654661918653,-0.0046370246082436594,0.0,5.878649999092738e-06,0.0,0.00013703042047405635
156,0.030268566020778508,0.01675686630806492,0.01434250414974701,-0.011329525042181673,0.002139617295252194,0.004312874207198321,-0.015626847897174983,-0.03549038662775555,-0.028702041460797252,-0.0665305877502647,0.006407685026883253,-0.015045694430966492,0.0004922325196447808,-0.008745128511118876,-0.007861591721355997,0.015970473480559588,0.007827991558891228,-0.001295492109195831,-0.03193040579948947,-0.03003830434922035,-0.0007108767053356479,-0.040448852098977785,-0.05816675061198823,0.0001904084431306867,-0.005072246018067893,-0.05707589806748717,-0.0014682249730027703,-0.01903274063261711,-0.00044850860570091994,0.000884630602806089,-0.0007234602048817637,0.0009791342599173075,-0.003264883107124721,-0.0023776444572965578,-0.003059388836322901,0.0,5.06738413630581e-06,0.0,0.0001272808666528485
157,-0.01040330080900662,-0.010349813457932112,-0.02034143598552266,-0.024957445259316476,0.03635632464045462,0.002557152706239474,-0.020031980579907942,0.010430062307796384,0.00874324240599683,-0.07541809922595703,-0.026314851848956124,0.003699202959045552,0.0005710153074792897,-0.009271161599447695,-0.009967988815045454,-0.004731924308260448,-0.0038039544666357834,-0.0012829623360339087,-0.0343072205151536,-0.02970744631342696,-0.0009885912422651123,-0.05066790380243578,-0.0715276614095334,0.0002474885600353173,-0.008070591418221662,-0.06546030651985031,-0.001943245356478407,-0.018277245118834252,-0.0003696058475964487,0.0008659988997458414,-0.001254224815142618,0.0015623201090657385,0.0037731027677481107,4.761742883517487e-05,-0.0035576944207014326,0.0,9.298417853383457e-06,0.0,0.00019038300543391978
158,-0.0186564206829034,0.00370906402468435,-0.013234578858326686,-0.02476786201750031,0.021824607736217354,-0.009119817381034645,-0.016460689941766922,-0.0310108489854898,-0.027512039325245513,-0.06603637636242653,-0.021960015026846316,0.0033677109554166793,0.0002894553701103651,-0.010692630893790071,-0.010532316035092108,-0.00371778233599436,-0.002213383776722332,-0.0008997618725758168,-0.03406450194940061,-0.0295162673885258,-0.0010181567127203123,-0.04088048331613361,-0.0610625125582589,0.00015466841313869958,-0.005336894207714981,-0.05886685609181889,-0.0016628348255817898,-0.01787998832870491,-0.00019126241397123358,0.001013860096640114,-0.001997816343218753,0.0012540307520229937,-0.002688975380504525,-0.0002779131550536247,-0.004010658344311447,0.0,5.845232023796629e-06,0.0,0.00017345186950510898
159,0.014797582977851312,0.003257686970393473,-0.013859069778503602,0.008261203537090913,0.034774465918330805,-0.014549461061780405,0.026687094328685948,0.017598060491510355,0.017074522728057432,0.06478174349873388,0.007558349389569036,0.0057717832440801935,0.0020441919184115854,-0.00912018919922264,-0.009992517877240373,0.0010938043148438056,0.0012771628007299648,-0.00018215264992045698,-0.03298044543346229,-0.0346697958535357,0.00014703036717570613,0.04316470245739742,0.05606404461237649,0.0006865830846244246,0.007268053562555272,0.05430742992750585,-0.0013569937061576607,-0.01672938326808929,0.0005177041699711048,0.0015992599348383086,0.0004941478691973247,0.002449849024523883,-0.000714745302668185,-1.9369512113330817e-06,0.007174112460199831,0.0,1.7145704477636585e-05,0.0,7.652504071258142e-05
160,-0.022134531528767223,-0.0006457939986938811,-0.019207995174102262,0.021994854473313397,0.03001280230219747,0.003324267057284401,0.023614569813860155,0.012720158172630941,0.010329200449091639,0.05063896891333851,0.008332116138195797,0.0036342145330670907,0.0014291033948007012,-0.005921219485146746,-0.005723596488411138,0.0035528832228372046,0.0006080542565775067,0.00036645656888939634,0.036696043802293556,0.03764958000895569,-0.00040667471245171247,0.03484718454931676,0.054004790527790586,0.0007180471221391357,-0.0008499670689751145,0.046946549567119196,-0.0009415053103845473,0.023658656586577564,0.0023720378831864307,0.0012702111774741827,-0.0014212711907664317,0.0021259897781015363,-0.00031333697277908097,-6.941104395203574e-05,-0.0022806679333758156,0.0,4.590870332542765e-05,0.0,-0.00019198883196087186
161,-0.01926666673491308,0.0013120253844042522,0.004303666611510234,-0.04246880963591358,-0.026893151890942824,-0.008360384727208488,-0.020378801261998893,-0.02924954499544136,-0.02517143292913634,-0.08910928730346375,0.007759601363796547,-0.016172508114898086,0.00039944341348012143,-0.008381476066712976,-0.008139739051802472,0.008258100734188579,0.004652640369354174,-0.0011722554402302287,0.05791991919921764,0.05098268463958779,-0.001993502298477181,-0.04297255294900155,-0.06403767733626474,0.0002313586668188634,-0.0025538648389701476,0.04551395847344652,-0.0025182190491005395,-0.023069942629871783,-0.0077523179807576035,-0.01106272542649461,-0.0008719165879652339,0.0008430467251769774,-0.0008270495866820077,-0.00020122434591941075,-0.005856012947640797,0.0,9.690702728304079e-06,0.0,0.00011602204928669583
162,-0.014611827053014507,0.016292253882156126,-0.01643378165535517,-0.021828045549484063,-0.024801886904172753,0.0049473391829074585,-0.019218035865821936,-0.02823088389495586,-0.023987458197200752,-0.065523238816631,-0.024941196339490657,0.002394608051816627,0.0002643932122443227,-0.009148282764360787,-0.00920244183706865,-0.003963764642116752,-0.002551047341502989,-0.0010875836396156756,-0.032129534556153375,-0.029442704637441475,-0.0010202111788675374,-0.044000592113266644,-0.0643550680998013,0.0001566781677698799,-0.006813425917119858,-0.05968510888584092,-0.0016150613109041096,-0.018129148224424678,0.00017070746204287914,-0.0088259674697535,-0.0019227947684124845,0.000671737581342909,-0.0021490007875189327,-0.0002909383775886402,-0.0041820364314638725,0.0,5.3292098418589864e-06,0.0,0.00023497870357252446
163,-0.02038105635816138,0.007198978723014738,-0.021597201143575884,-0.023301584665237057,-0.027083762180167077,0.00013878683070881018,-0.015689040433308002,0.00962099660306497,0.009678738163515225,-0.0754834958095782,0.009651906826815326,0.006502172495307296,-0.007430883257143897,-0.008461785984607312,-0.00824005740904222,0.02605925012939388,0.007689557652843414,-0.0003871613185284486,-0.030859107949700093,-0.026035134792825782,-0.0010535128042535155,-0.050010526413651966,-0.07038005591811651,0.0002377171668301012,-0.007268842925765006,-0.06329233151020189,-0.001645769179235472,-0.016970555316891685,0.0004886875414621978,0.0007605475726240281,-0.0025858201244469544,0.0010286730063109955,-0.0021405616338435666,4.520247658914673e-05,-0.004105549521680395,0.0,5.847736031034488e-06,0.0,-0.0016479464084052254
164,0.0025833302076109605,-0.004116175810537364,0.0055815180404792395,-0.00264592637968989,0.03178942819889777,-0.008479354246922144,0.021355368308035142,-0.0498750648952598,-0.044242769182683855,0.05110069522878618,0.007274035663803589,0.00417845675396315,0.0009436486913447535,-0.006929626145222125,-0.00637455921458839,0.000573235414419579,-0.0028499115778910034,0.0007415399761244321,0.047240377056005124,0.052660036781459155,-0.0003433662144637308,0.029046288766086937,0.04630450741122105,0.0004567029919898308,0.002223747343036953,0.04574129817264134,-0.0009824995517197907,0.03595115000316303,0.001835830140544425,0.0012895800145229421,-0.0002235278583928053,-0.02761374566448377,-0.0005826713065734046,-0.0007830126367386772,-0.002624251190333315,0.0,2.4856571817608773e-05,0.0,8.142327202190471e-05
165,0.0136684487957679,-0.0005416427894239407,-0.010934111490216987,0.018075198026025644,0.04744924329787731,0.0005421263547099917,0.039625929540483315,0.011142572049725288,0.009436405196420932,0.055301900030631394,0.009506603771741477,0.003506233016393097,0.0016640869362182125,-0.004293898481613348,-0.005684276586726221,-0.00044605342785450575,-0.0013381699816455758,0.00017195777594907933,0.0470150747670925,0.050103839952429875,0.006048086157483566,-0.027288772335068337,0.05780422905654646,0.0014979882526051376,-0.001024044800119532,0.05796130588747372,0.012602330262648427,-0.01494323997392901,0.004027096040779509,0.001185632985510831,0.00017238689911969906,0.001929425696191634,0.00048649348916225,5.8124605224676326e-05,-0.002322062667257033,0.0,-0.001167634596066757,0.0,6.922756743110001e-05
166,0.03424343145835322,0.011443262733198378,0.011311073559676742,-0.013591565593552792,0.028230392063761812,0.01510732289037655,-0.01975625916985023,0.013791843437650279,0.011136847541800334,-0.07820748775225778,0.010459920889982577,-0.015203125698310832,0.0006740348861957774,-0.01065188550113854,-0.010101365532405862,-0.003314803032683623,-0.0019041960811304734,-0.0007494605114661453,-0.03292318455624323,-0.031056742436600053,-0.0008948140381775339,-0.04697561905538075,-0.0694613410485725,0.0003174107661279028,-0.008080203934217671,-0.06456405140974791,-0.0016329580338377942,-0.016589547658131955,-0.0009802677732726358,0.0011477639920058876,-0.0008397225624665464,0.0018036490910132976,-0.0025867235380796494,0.0011460766254256741,0.021229305746506413,0.0,8.260148008269105e-06,0.0,0.00022221641661002766
167,-0.005093186405310653,-0.006085675276091523,0.016420901683204658,0.008552829095791817,-0.0180473326424785,0.013915902832842676,-0.021995090666495035,0.019084236757997065,0.018357149454389522,-0.07935152758915975,0.00817521024125488,-0.0216844852069276,0.0008457797315208569,-0.011241945081166747,-0.009626082109977487,-0.0028388420318605488,-0.0001578226157761332,-0.002358451937316897,-0.03208499840043407,-0.030306561825296365,0.00029410661866195183,0.06498071868800076,0.0728201411298051,0.00048270899381672866,0.017142865831089166,0.05408736684861653,-0.0011798698136246065,-0.018939624518564513,0.0020824885459841997,0.001569407648953935,-1.2720646682649725e-06,0.0016650046247741821,0.004081365712468542,-2.7073978705525097e-05,-0.003216863201508902,0.0,1.0970766707990917e-05,0.0,0.0001925572027602389
168,0.01337499640173816,0.005721422172419577,0.008066695660374015,0.0035643413479330486,0.004995134799693763,-0.0014176624376972312,0.010327010705169917,-0.05018713296995547,-0.04730074582628595,0.05026837534854634,0.007065392493526331,0.004924865033500254,0.0010722210143356533,-0.007017573938901785,-0.007352879011250812,0.0034909727855209588,-0.002000034281752614,0.0009735408497423624,0.0489752279659338,0.04997580249295391,-0.00029061365220534215,0.030449680710696564,0.04673334754136609,0.0004238803030503683,0.0026603516781169437,0.04779580628534056,-0.0008259382677530956,0.03884404195583216,0.002099721340684126,0.0014405906905052902,0.0001274349510769341,0.0025094386369386994,-4.201214217858778e-05,0.00046049055446276236,-0.002395446667498314,0.0,2.081378831708848e-05,0.0,6.56501744677088e-05
169,-0.011980647995771013,-0.010615222149831498,0.010668824273392746,-0.019958189236525516,-0.02652785763002093,0.003678001009976821,-0.01750065621455479,0.009294350688758337,0.009060484122439417,-0.07129727717825202,0.008121993678013572,-0.015694374881772565,0.0004856134770528009,-0.00813358468062351,-0.007649706636556619,0.0212536688552071,0.00988497317132919,-0.0010017730986020012,-0.030666276529475487,-0.027697811768482267,-0.000721080284846111,-0.05676043800878101,-0.0734706419334722,0.00022951545603055464,-0.008348432421399226,-0.0652877189121313,-0.001652274084885473,-0.0193140938800091,0.00048640528106294665,0.0008281197329312892,0.002999561824295788,0.0014018981036799342,-0.0010109322852692602,5.9560147704409764e-05,-0.0039998099988239055,0.0,7.386316639434582e-06,0.0,0.000226333051729225
170,0.028326395031175608,0.0185026830868432,0.013200621620360833,-0.01464403083380782,0.0006771319447205011,0.007920607022599281,-0.016402294495355237,0.014524289808119041,0.01284429422749616,0.0818177463228537,0.013151666376317473,0.007625573509761324,0.0005414854187225889,-0.010815707038180937,-0.012048859353224325,0.010201115353562239,0.004132925114098902,-0.0003148821968089453,-0.03274688571834535,-0.03315522897099064,-0.0010245176614899745,-0.04244865955393438,-0.06346305771584602,0.00024898385185016824,-0.007139874958370328,-0.0732705008091429,-0.0015615309300806793,-0.01579394449419519,-0.00041824742883926733,0.0009327880662388983,-0.0014852625675063336,0.0017667097313609687,-0.0014350989220124506,0.00040060847737889477,0.01219550575314175,0.0,7.83945763286636e-06,0.0,0.00033028415177348145
171,-7.052529936619121e-05,-0.0023059037902027177,-0.017048882746612613,0.02976523670818064,0.01869578691387776,-0.013855200721230013,0.010659316998829072,0.018685232360818357,0.017520714953866538,0.06971904680123411,0.009314001758123658,0.0056687464718274926,0.0014884338880912244,-0.011488088861332997,-0.013147821875159896,0.001022875045106502,-0.0008517244331386214,0.00013610456971733495,-0.032825185678185424,-0.03408074901981818,-0.00039988400707610244,0.05341234606410829,0.06871932411252804,0.0006758978700834795,0.009080048770146067,0.05617618142449738,-0.0011829700096953712,-0.016665606026878173,0.0011547581672898414,0.001468965708875949,5.66012269833822e-05,0.002694290565842318,0.002775189590460821,-2.1855933951180238e-05,-0.002404937456483847,0.0,9.04762967288787e-06,0.0,8.906308313993771e-05
172,-0.0175712488950363,0.019865319673854836,0.010267727681620006,-0.012943148200991371,-0.029997513404820632,-0.02536592011212728,-0.01761741876996671,0.009833226982775884,0.010384772151162673,0.07914837227742678,0.012349748117852092,0.007771085944900818,0.00047886013240539124,-0.010817389202314589,-0.013018677411362757,0.019424797266275037,0.007791389076499112,-0.00011895121427775303,-0.03245640819426211,-0.0305822851707247,-0.0012181920553345747,-0.05701060573842653,-0.0791327055064152,0.0002209984991652389,-0.007566642360770406,-0.08276160273558104,-0.0016566035324730231,-0.016600307699592674,0.00032902448664342215,0.0007770843440512094,0.004968637391800287,0.0013216358327430373,-0.0028267185972665593,-2.7841535874343695e-05,-0.003264039419089032,0.0,4.6610675222345975e-06,0.0,0.0004725061902245707
173,-0.009981028376494297,0.021993129486451202,-0.02777261774612498,0.0175933575025739,0.00861766054599761,0.002180916010690104,-0.021340804467622706,0.011658639610769895,0.009898306543847678,-0.07126430975184313,0.009554480202820953,-0.010286811680427738,0.00046763252047095003,-0.010013474825306314,-0.009837067115673552,-0.0038939208255737968,-0.0045267107589719545,-0.0012452833152170007,-0.035701877115010036,-0.03221448971194759,-0.0011532274151930847,-0.05105132409095108,-0.08183631973813524,0.00023137932658151008,-0.007594076693598992,-0.07215955904977962,-0.0016434997141673527,-0.017473202278751584,-5.6785511026797904e-05,0.0008403128914983544,-0.0016918774974494322,0.0011995525141521646,0.004130139534988228,7.735570137217511e-05,-0.0035984723321900287,0.0,1.1124026730506518e-05,0.0,0.00019134561567220372
174,0.0269715307435162,-0.0078586097920179,-0.021300218741375325,-0.024973502513639775,0.06228191593027938,-0.0015771502552601392,-0.017305133235184036,0.012392043873059339,0.00741157953527344,-0.08101587369344682,0.006861223712925697,-0.014460508492413785,0.0005166050628604913,0.029390822692366782,0.03639422394827106,-0.0017712489105713436,-0.00329637905372406,-0.0016178881122841545,-0.031026603034863078,-0.028133831972049873,-0.000938513458131806,-0.048202533377942586,-0.06090084525374728,0.0004042340764072673,-0.00808362188749143,-0.070005296986692,-0.0017727166904043033,-0.014872933843794041,-0.001284361193752475,0.0007871439977040343,-0.0003452562152874429,0.0012846436092571458,0.0031841964615265455,0.0005484403480675398,-0.003979008957862549,0.0,8.965210044160762e-06,0.0,0.00011378821214079064
175,0.011726048687109629,-0.005155057125968778,-0.012861737757959126,0.010649107277517554,0.03533704746338563,-0.005764495363387208,0.027483071505156803,0.01264987751169665,0.009490962425829542,0.049986380314246154,0.0075139624197558255,0.0037816773570682506,0.0016967474837402952,-0.005770162574125076,-0.005661662504141495,0.0022649721459468055,0.0001340475074352658,0.0004699577544168568,0.04201054983563677,0.04254707130744659,-0.00032326859466214346,0.031835986520617934,0.04971279990630854,0.000814689401769834,0.0002811469860963392,0.05071274348287165,-0.0009575488321725388,0.02648870666518463,0.0023613112501423995,0.001332518182444283,0.00046687704160274803,0.0020447573540597805,0.0006108586751486562,-3.63021367607664e-05,0.007426906645278439,0.0,5.152238445229186e-05,0.0,6.544617581886216e-05
176,-0.01125475596172024,-0.011541809681764695,0.009820301542751179,-0.028340101409910255,0.012656861183585643,0.005914435287117292,-0.01800126146505056,0.00985517624244506,0.008968666402013256,-0.07437421857786801,-0.02773857781581708,0.004719774613052003,0.0004451243508682988,-0.009141680581014937,-0.009533028186787761,-0.004151314397510351,-0.004421977353566062,-0.0012535098970202295,-0.03226709573013248,-0.02582361530423075,-0.0007560784049335222,-0.05352082450804423,-0.06998176094237764,0.00026670772519787216,-0.007101239977224224,-0.06431006261266932,-0.0015891921980152476,-0.01870519341445871,0.00026390664455752183,0.0011588209260750847,0.003046779757964195,0.0014069959914560645,-0.0020964768609774854,3.767578836143472e-05,-0.0036578175282619353,0.0,9.086105397414985e-06,0.0,0.00042312240500114347
177,-0.003462091263399361,-0.0018970149084463477,-0.01574110491390901,-0.05520578162038826,0.011423743251454442,0.0035134134278080862,0.003549174892501022,0.009550246410880852,0.00944904488762837,0.06468305011104158,0.008436785954905058,0.006824524402891326,0.0011571332215751886,0.01919583454432132,0.02272318519568916,0.0007845559543675633,-0.0009462942861854939,-2.9690720918652576e-05,0.03577289565563243,0.03284161240326385,-0.00029674232190543694,0.03545149469519769,0.05080054226079202,0.0008192495398410478,-0.0012020090554908194,0.04709897745099832,-0.0008056107183187003,0.023520326760541405,0.0021292340082614556,0.0014273380572206256,-1.131233025713865e-05,0.001970726892095499,-0.00038509172233963895,-5.0056499382443366e-05,-0.0018773375212046525,0.0,4.4786650573439495e-05,0.0,5.538247653913414e-05
178,0.030269928585015052,-0.01160281179755152,-0.021082210061549877,-0.024855521255827594,0.026825234414335958,-0.004020337463256174,-0.0190838587742481,0.011930499690335356,0.009936818157196027,-0.07499676055031712,0.008784363493064936,0.005533803918050428,-0.008246326974482325,-0.009398635812002272,-0.011181255446772799,-0.004739770443373508,-0.0036458949459261193,-0.0010368787584042448,-0.03571434238523798,-0.03010048279726722,-0.0012321492142069732,-0.04835983473028135,-0.06674530100666198,0.0002553779440696755,-0.0075231878753036175,-0.06187199576498767,-0.0018629627460873387,-0.018219065177577046,-0.00032607971446849766,0.0008643336690851042,-0.0008204907121687662,0.0013420137813065505,0.0060347226949343915,0.0006106381876660206,-0.0036536746607261396,0.0,8.604485835616916e-06,0.0,0.00023606466035258915
179,-6.557522496098445e-05,-0.005221478558885585,-0.016019679030000376,0.00967115535700476,0.033334938612708157,0.0010722884651590782,0.024689798028368574,-0.058389895551110446,-0.042236455749286424,0.049011888041392886,0.007175991855882625,0.0028489812630743045,0.0008820893556229788,-0.0072167370137766135,-0.007593818491891485,0.00040881865447374145,-0.0023026319136827933,-0.0005997344010986943,0.04904525524718274,0.05328955550535159,-0.0006052684700376429,0.029029137988986865,0.04997776432899038,0.00046673986227368136,0.0019069451364052497,0.04694189058979566,-0.0009515989937443545,0.03400885216050745,0.001979342216620508,0.0012228588110972528,-0.00010603757082006014,-0.025941014021091766,-0.0005025786967290055,-0.0007330588258031491,-0.0023280753530882893,0.0,7.150595904083186e-05,0.0,3.423743059358633e-05
180,0.02272627329029874,-0.0028207761842123278,-0.01861246010895982,0.002772702699401005,-0.019153884944600647,0.000887824859735201,-0.021153576546677485,0.018187422975183172,0.017191968275527165,-0.0768455400823873,-0.032573299855160415,0.003123544131735358,0.0008260856668078026,-0.011427805818860744,-0.011316693159962893,0.0012255114040973418,-0.0016929514419136776,-0.002434669877970291,-0.028555914443014523,-0.031140511965736025,0.00012868003471364905,0.06843434497876946,0.0731758682914383,0.0005079726010915914,0.020810854690461216,0.056207177173116386,-0.0012934366249758272,-0.019951820898236057,0.0017314120136468743,0.001762691947494715,-0.0004803284123927428,0.0017440330372648404,0.005625485265356996,0.00013017627923023805,-0.002551355755351503,0.0,2.504260750468406e-05,0.0,9.30840435818275e-05
181,0.002213705542122171,-0.012277987454101788,-0.017203253111366085,-0.022330799496417496,-0.02925631427326912,0.006530542321656739,-0.018549984012750556,0.009530454635528995,0.008047067271676409,-0.0703931093685327,-0.02582742536517366,0.004275220449759849,0.0004784455217822478,-0.0076012244284243136,-0.00777352123102404,0.029320788188190047,0.011436401603023578,-0.0008265382808524028,-0.030231838754468138,-0.02845433719448329,-0.001003924152211984,-0.050614995399490735,-0.06647980700078919,0.00032459682130375327,-0.008511666076548477,-0.0642799768474503,-0.0016577966818361574,-0.018588089160017418,0.000461952738283904,0.0008642503265907349,-0.0012773189815908556,0.0010790926234106899,0.005398827228041339,6.555788411626332e-05,-0.0037393377570100928,0.0,8.16183053514192e-06,0.0,0.00023956134635651688
182,0.018285452966150396,0.007008499522563557,-0.014581391797070473,-0.010254891189577025,-0.006812699464004861,-0.01759335418686573,-0.007529102579320969,0.017107008564190316,0.015429967227790302,-0.08762638729289958,0.006174063975198727,-0.017211358031752128,0.0013961902596335996,-0.010288911271037808,-0.009563738674267032,-0.0015211058001152462,-0.0003739803985271356,-0.0023135870785405328,-0.033969462751861496,-0.03297997370876089,0.00015463097351076983,0.04700095822587314,0.05859027196402962,0.0004525572006493716,0.011142509371026768,0.047450948514158695,-0.0013634081609968333,-0.021968436006475956,0.0007022684717147731,0.0015661884965069053,-2.292940545155808e-05,0.0019227612930203149,-0.0017989629350676907,0.00011288789475776674,0.012857080581889311,0.0,2.0652657067283915e-05,0.0,5.1244315405341214e-05
183,0.00709779470400036,-0.004376235223387735,0.009854267631650539,0.014200144620259876,-0.01857591892028674,0.006361970676445073,-0.02065444326845271,-0.05077846520696827,-0.052931841018111485,0.0464850901780074,0.0090986984206484,0.003370169755133969,0.0007442323742599665,-0.007713530013636539,-0.007769502297494785,0.0013046969540056812,0.0022977678982116613,-0.00017169438979987948,0.047708766295540446,0.05536869304702605,-0.0004693417635552237,0.04252909025521209,0.05790059964362314,0.0004167318969644538,0.0006652780686501953,0.050468608857529206,-0.0009566384011807296,0.03790237525751537,0.004470594129830611,0.0013376275901812449,-0.0002633532545229182,-0.025700959055878304,0.00011923823595790175,-0.00039404036345743197,-0.003170263342174314,0.0,8.11338955784874e-05,0.0,6.355567552679686e-05
